Symbol,Date,Open,High,Low,Close,Percent Change,Volume
LLBS,2020-02-05,1041.0,1061.0,1021.0,1061.0,1.82 %,"3,853.00"
LLBS,2020-02-06,1050.0,1067.0,1026.0,1026.0,-3.30 %,"2,850.00"
LLBS,2020-02-09,1037.0,1045.0,1003.0,1004.0,-2.14 %,"6,207.00"
LLBS,2020-02-10,996.0,1030.0,996.0,1025.0,2.09 %,"1,858.00"
LLBS,2020-02-11,1045.0,1090.0,1040.0,1090.0,6.34 %,"5,095.00"
LLBS,2020-02-12,1110.0,1192.0,1093.0,1169.0,7.25 %,"8,496.00"
LLBS,2020-02-13,1192.0,1200.0,1166.0,1167.0,-0.17 %,"7,668.00"
LLBS,2020-02-16,1145.0,1215.0,1145.0,1205.0,3.26 %,"5,618.00"
LLBS,2020-02-17,1229.0,1240.0,1205.0,1214.0,0.75 %,"3,135.00"
LLBS,2020-02-18,1200.0,1200.0,1145.0,1145.0,-5.68 %,"6,638.00"
LLBS,2020-02-19,1167.0,1224.0,1167.0,1204.0,5.15 %,"3,546.00"
LLBS,2020-02-20,1204.0,1287.0,1227.0,1268.0,5.32 %,"11,553.00"
LLBS,2020-02-23,1293.0,1349.0,1265.0,1265.0,-0.24 %,"6,286.00"
LLBS,2020-02-24,1265.0,1269.0,1240.0,1253.0,-0.95 %,"3,035.00"
LLBS,2020-02-25,1236.0,1333.0,1236.0,1300.0,3.75 %,"4,420.00"
LLBS,2020-02-26,1300.0,1375.0,1300.0,1350.0,3.85 %,"7,712.00"
LLBS,2020-02-27,1330.0,1350.0,1304.0,1320.0,-2.22 %,"4,620.00"
LLBS,2020-03-01,1320.0,1318.0,1235.0,1246.0,-5.61 %,"5,914.00"
LLBS,2020-03-02,1223.0,1226.0,1161.0,1162.0,-6.74 %,"3,537.00"
LLBS,2020-03-03,1162.0,1190.0,1049.0,1110.0,-4.48 %,"8,803.00"
LLBS,2020-03-04,1088.0,1153.0,1018.0,1018.0,-8.29 %,"7,552.00"
LLBS,2020-03-05,1000.0,1118.0,998.0,1050.0,3.14 %,"5,278.00"
LLBS,2020-03-10,1029.0,1029.0,990.0,990.0,-5.71 %,"1,959.00"
LLBS,2020-03-11,1009.0,1089.0,1009.0,1089.0,10.00 %,"5,911.00"
LLBS,2020-03-12,1100.0,1110.0,1025.0,1034.0,-5.05 %,"8,602.00"
LLBS,2020-03-15,1014.0,1054.0,990.0,991.0,-4.16 %,"21,064.00"
LLBS,2020-03-16,975.0,1030.0,970.0,1020.0,2.93 %,"4,065.00"
LLBS,2020-03-17,1014.0,1014.0,966.0,969.0,-5.00 %,"3,003.00"
LLBS,2020-03-18,951.0,989.0,916.0,951.0,-1.86 %,"3,008.00"
LLBS,2020-03-19,951.0,999.0,932.0,975.0,2.52 %,"1,826.00"
LLBS,2020-03-22,956.0,956.0,956.0,956.0,-1.95 %,100.00
LLBS,2020-05-12,937.0,937.0,928.0,928.0,-2.93 %,20.00
LLBS,2020-05-13,910.0,910.0,910.0,910.0,-1.94 %,10.00
LLBS,2020-06-29,892.0,892.0,892.0,892.0,-1.98 %,496.00
LLBS,2020-06-30,909.0,909.0,909.0,909.0,1.91 %,75.00
LLBS,2020-07-01,900.0,936.0,900.0,936.0,2.97 %,47.00
LLBS,2020-07-02,942.0,973.0,942.0,973.0,3.95 %,130.00
LLBS,2020-07-05,992.0,1000.0,961.0,961.0,-1.23 %,727.00
LLBS,2020-07-06,963.0,1029.0,963.0,1029.0,7.08 %,"3,044.00"
LLBS,2020-07-07,1029.0,1100.0,1020.0,1100.0,6.90 %,"2,369.00"
LLBS,2020-07-08,1080.0,1085.0,1062.0,1066.0,-3.09 %,839.00
LLBS,2020-07-09,1050.0,1087.0,1050.0,1080.0,1.31 %,"1,687.00"
LLBS,2020-07-12,1100.0,1125.0,1083.0,1120.0,3.70 %,"3,007.00"
LLBS,2020-07-13,1120.0,1164.0,1106.0,1164.0,3.93 %,"2,414.00"
LLBS,2020-07-14,1186.0,1218.0,1164.0,1190.0,2.23 %,"4,091.00"
LLBS,2020-07-15,1213.0,1214.0,1180.0,1214.0,2.02 %,"3,756.00"
LLBS,2020-07-16,1190.0,1215.0,1189.0,1209.0,-0.41 %,"1,477.00"
LLBS,2020-07-20,1269.0,1269.0,1117.0,1140.0,-5.71 %,"1,848.00"
LLBS,2020-07-21,1162.0,1192.0,1118.0,1159.0,1.67 %,"1,515.00"
LLBS,2020-07-22,1159.0,1188.0,1150.0,1150.0,-0.78 %,"2,968.00"
LLBS,2020-07-23,1150.0,1173.0,1150.0,1160.0,0.87 %,851.00
LLBS,2020-07-26,1160.0,1216.0,1148.0,1169.0,0.78 %,"1,790.00"
LLBS,2020-07-27,1192.0,1221.0,1171.0,1180.0,0.94 %,"7,321.00"
LLBS,2020-07-28,1160.0,1203.0,1160.0,1189.0,0.76 %,987.00
LLBS,2020-07-29,1166.0,1170.0,1121.0,1125.0,-5.38 %,"3,910.00"
LLBS,2020-07-30,1125.0,1155.0,1103.0,1152.0,2.40 %,"2,108.00"
LLBS,2020-08-02,1129.0,1150.0,1086.0,1110.0,-3.65 %,"2,280.00"
LLBS,2020-08-03,1110.0,1140.0,1110.0,1139.0,2.61 %,"1,963.00"
LLBS,2020-08-05,1117.0,1120.0,1095.0,1120.0,-1.67 %,"2,130.00"
LLBS,2020-08-06,1103.0,1134.0,1103.0,1116.0,-0.36 %,904.00
LLBS,2020-08-09,1094.0,1140.0,1075.0,1140.0,2.15 %,"1,366.00"
LLBS,2020-08-10,1150.0,1145.0,1118.0,1145.0,0.44 %,"1,958.00"
LLBS,2020-08-11,1165.0,1165.0,1115.0,1130.0,-1.31 %,763.00
LLBS,2020-08-12,1120.0,1139.0,1101.0,1131.0,0.09 %,"1,416.00"
LLBS,2020-08-13,1109.0,1125.0,1094.0,1095.0,-3.18 %,"2,997.00"
LLBS,2020-08-16,1075.0,1090.0,1060.0,1080.0,-1.37 %,"3,262.00"
LLBS,2020-08-17,1070.0,1090.0,1065.0,1074.0,-0.56 %,544.00
LLBS,2020-08-18,1095.0,1120.0,1074.0,1120.0,4.28 %,"2,140.00"
LLBS,2020-08-19,1099.0,1099.0,1081.0,1085.0,-3.13 %,"1,121.00"
LLBS,2020-08-20,1080.0,1100.0,1080.0,1100.0,1.38 %,45.00
LLBS,2020-08-23,1083.0,1104.0,1083.0,1104.0,0.36 %,513.00
LLBS,2020-08-24,1108.0,1130.0,1108.0,1125.0,1.90 %,"3,926.00"
LLBS,2020-08-25,1130.0,1147.0,1118.0,1147.0,1.96 %,"3,570.00"
LLBS,2020-08-26,1160.0,1175.0,1146.0,1175.0,2.44 %,"2,272.00"
LLBS,2020-08-27,1165.0,1185.0,1142.0,1142.0,-2.81 %,"1,184.00"
LLBS,2020-08-30,1142.0,1149.0,1127.0,1148.0,0.53 %,"1,712.00"
LLBS,2020-08-31,1164.0,1186.0,1145.0,1145.0,-0.26 %,"1,497.00"
LLBS,2020-09-02,1155.0,1160.0,1142.0,1142.0,-0.26 %,"1,855.00"
LLBS,2020-09-03,1150.0,1150.0,1121.0,1141.0,-0.09 %,"2,835.00"
LLBS,2020-09-06,1198.0,1198.0,1152.0,1152.0,0.96 %,70.00
LLBS,2020-09-07,1130.0,1141.0,1117.0,1141.0,-0.95 %,782.00
LLBS,2020-09-08,1120.0,1134.0,1111.0,1134.0,-0.61 %,785.00
LLBS,2020-09-09,1118.0,1170.0,1118.0,1160.0,2.29 %,"3,740.00"
LLBS,2020-09-10,1150.0,1166.0,1145.0,1166.0,0.52 %,925.00
LLBS,2020-09-13,1145.0,1159.0,1135.0,1145.0,-1.80 %,840.00
LLBS,2020-09-14,1133.0,1133.0,1125.0,1125.0,-1.75 %,"1,553.00"
LLBS,2020-09-15,1120.0,1120.0,1107.0,1120.0,-0.44 %,989.00
LLBS,2020-09-16,1101.0,1142.0,1101.0,1139.0,1.70 %,"2,465.00"
LLBS,2020-09-17,1139.0,1149.0,1128.0,1135.0,-0.35 %,"1,079.00"
LLBS,2020-09-20,1114.0,1135.0,1114.0,1132.0,-0.26 %,881.00
LLBS,2020-09-21,1154.0,1175.0,1129.0,1140.0,0.71 %,"3,265.00"
LLBS,2020-09-22,1140.0,1140.0,1119.0,1124.0,-1.40 %,"2,383.00"
LLBS,2020-09-23,1124.0,1130.0,1121.0,1130.0,0.53 %,"1,369.00"
LLBS,2020-09-24,1116.0,1130.0,1111.0,1126.0,-0.35 %,"2,673.00"
LLBS,2020-09-27,1122.0,1129.0,1111.0,1125.0,-0.09 %,"1,750.00"
LLBS,2020-09-28,1115.0,1120.0,1107.0,1120.0,-0.44 %,957.00
LLBS,2020-09-29,1125.0,1128.0,1110.0,1122.0,0.18 %,869.00
LLBS,2020-09-30,1105.0,1124.0,1098.0,1098.0,-2.14 %,"2,303.00"
LLBS,2020-10-01,1092.0,1133.0,1092.0,1126.0,2.55 %,533.00
LLBS,2020-10-04,1105.0,1130.0,1104.0,1124.0,-0.18 %,"3,370.00"
LLBS,2020-10-05,1119.0,1125.0,1111.0,1111.0,-1.16 %,"1,384.00"
LLBS,2020-10-06,1111.0,1128.0,1111.0,1123.0,1.08 %,"1,244.00"
LLBS,2020-10-07,1108.0,1115.0,1103.0,1106.0,-1.51 %,"2,525.00"
LLBS,2020-10-08,1106.0,1115.0,1105.0,1115.0,0.81 %,793.00
LLBS,2020-10-11,1095.0,1120.0,1095.0,1110.0,-0.45 %,"1,590.00"
LLBS,2020-10-12,1092.0,1115.0,1091.0,1115.0,0.45 %,991.00
LLBS,2020-10-13,1103.0,1103.0,1100.0,1100.0,-1.35 %,569.00
LLBS,2020-10-14,1095.0,1110.0,1095.0,1110.0,0.91 %,779.00
LLBS,2020-10-15,1119.0,1119.0,1097.0,1100.0,-0.90 %,"3,701.00"
LLBS,2020-10-18,1120.0,1120.0,1085.0,1095.0,-0.45 %,689.00
LLBS,2020-10-19,1095.0,1103.0,1082.0,1090.0,-0.46 %,"1,181.00"
LLBS,2020-10-20,1091.0,1134.0,1091.0,1106.0,1.47 %,"1,625.00"
LLBS,2020-10-21,1086.0,1127.0,1086.0,1125.0,1.72 %,770.00
LLBS,2020-10-22,1110.0,1112.0,1110.0,1112.0,-1.16 %,22.00
LLBS,2020-10-28,1111.0,1132.0,1103.0,1124.0,1.08 %,924.00
LLBS,2020-10-29,1124.0,1135.0,1121.0,1130.0,0.53 %,"2,352.00"
LLBS,2020-11-01,1130.0,1169.0,1130.0,1169.0,3.45 %,"3,692.00"
LLBS,2020-11-02,1169.0,1190.0,1169.0,1187.0,1.54 %,"2,812.00"
LLBS,2020-11-03,1205.0,1210.0,1172.0,1181.0,-0.51 %,"3,074.00"
LLBS,2020-11-04,1199.0,1199.0,1177.0,1180.0,-0.08 %,"1,263.00"
LLBS,2020-11-05,1189.0,1195.0,1180.0,1181.0,0.08 %,"3,087.00"
LLBS,2020-11-08,1165.0,1199.0,1160.0,1199.0,1.52 %,"2,911.00"
LLBS,2020-11-09,1190.0,1220.0,1183.0,1215.0,1.33 %,"6,017.00"
LLBS,2020-11-10,1215.0,1249.0,1210.0,1218.0,0.25 %,"5,366.00"
LLBS,2020-11-11,1199.0,1210.0,1182.0,1206.0,-0.99 %,"2,551.00"
LLBS,2020-11-12,1182.0,1220.0,1166.0,1215.0,- %,"5,706.00"
LLBS,2020-11-18,1239.0,1239.0,1215.0,1230.0,0.00 %,"2,219.00"
LLBS,2020-11-19,1225.0,1250.0,1225.0,1250.0,0.00 %,"5,606.00"
LLBS,2020-11-22,1275.0,1275.0,1230.0,1250.0,0.00 %,"3,141.00"
LLBS,2020-11-23,1240.0,1240.0,1225.0,1226.0,-0.02 %,"2,306.00"
LLBS,2020-11-24,1204.0,1245.0,1202.0,1245.0,0.02 %,"3,278.00"
LLBS,2020-11-25,1269.0,1290.0,1243.0,1280.0,0.03 %,"1,582.00"
LLBS,2020-11-26,1275.0,1330.0,1261.0,1285.0,0.01 %,"4,546.00"
LLBS,2020-11-29,1285.0,1309.0,1266.0,1300.0,0.01 %,"3,472.00"
LLBS,2020-11-30,1300.0,1325.0,1281.0,1325.0,0.02 %,"3,933.00"
LLBS,2020-12-01,1311.0,1320.0,1275.0,1320.0,-0.00 %,"1,757.00"
LLBS,2020-12-02,1346.0,1452.0,1320.0,1452.0,0.10 %,"8,927.00"
LLBS,2020-12-03,1481.0,1539.0,1423.0,1455.0,0.00 %,"4,884.00"
LLBS,2020-12-06,1426.0,1426.0,1339.0,1339.0,-0.08 %,"2,932.00"
LLBS,2020-12-07,1365.0,1412.0,1320.0,1412.0,0.05 %,"6,975.00"
LLBS,2020-12-08,1430.0,1458.0,1350.0,1402.0,-0.01 %,"5,552.00"
LLBS,2020-12-09,1375.0,1401.0,1361.0,1381.0,-0.01 %,"6,615.00"
LLBS,2020-12-10,1375.0,1390.0,1363.0,1366.0,-0.01 %,"4,912.00"
LLBS,2020-12-13,1370.0,1439.0,1369.0,1428.0,0.05 %,"5,190.00"
LLBS,2020-12-14,1450.0,1570.0,1450.0,1570.0,0.10 %,"14,964.00"
LLBS,2020-12-15,1599.0,1656.0,1590.0,1621.0,0.03 %,"6,523.00"
LLBS,2020-12-16,1590.0,1641.0,1565.0,1624.0,0.00 %,"18,381.00"
LLBS,2020-12-17,1600.0,1644.0,1557.0,1570.0,-0.03 %,"5,084.00"
LLBS,2020-12-20,1540.0,1560.0,1480.0,1492.0,-0.05 %,"13,704.00"
LLBS,2020-12-21,1463.0,1608.0,1463.0,1500.0,0.01 %,"10,893.00"
LLBS,2020-12-22,1530.0,1530.0,1502.0,1524.0,0.02 %,"5,365.00"
LLBS,2020-12-23,1525.0,1530.0,1438.0,1509.0,-0.01 %,"2,938.00"
LLBS,2020-12-24,1481.0,1481.0,1424.0,1476.0,-0.02 %,"1,293.00"
LLBS,2020-12-27,1447.0,1469.0,1430.0,1457.0,-0.01 %,"4,161.00"
LLBS,2020-12-28,1445.0,1470.0,1431.0,1465.0,0.01 %,"4,021.00"
LLBS,2020-12-29,1460.0,1473.0,1460.0,1473.0,0.01 %,761.00
LLBS,2020-12-30,1502.0,1502.0,1470.0,1501.0,0.02 %,"2,507.00"
LLBS,2020-12-31,1500.0,1555.0,1500.0,1535.0,0.02 %,"7,852.00"
LLBS,2021-01-03,1337.0,1360.0,1336.0,1350.0,0.01 %,"3,814.00"
LLBS,2021-01-04,1365.0,1377.0,1325.0,1325.0,-0.02 %,"2,123.00"
LLBS,2021-01-05,1325.0,1351.0,1325.0,1325.0,0.00 %,737.00
LLBS,2021-01-06,1335.0,1344.0,1324.0,1344.0,0.01 %,"1,853.00"
LLBS,2021-01-07,1345.0,1371.0,1342.0,1350.0,0.00 %,"1,937.00"
LLBS,2021-01-10,1373.0,1400.0,1351.0,1351.0,0.00 %,"1,252.00"
LLBS,2021-01-11,1378.0,1378.0,1352.0,1360.0,0.01 %,427.00
LLBS,2021-01-12,1360.0,1400.0,1360.0,1400.0,0.03 %,"1,984.00"
LLBS,2021-01-13,1400.0,1500.0,1400.0,1490.0,0.06 %,"5,424.00"
LLBS,2021-01-17,1509.0,1610.0,1509.0,1587.0,0.07 %,"5,002.00"
LLBS,2021-01-18,1618.0,1618.0,1586.0,1600.0,0.01 %,"1,522.00"
LLBS,2021-01-19,1632.0,1632.0,1545.0,1590.0,-0.01 %,"8,485.00"
LLBS,2021-01-20,1570.0,1610.0,1566.0,1610.0,0.01 %,"4,278.00"
LLBS,2021-01-21,1607.0,1700.0,1590.0,1651.0,0.03 %,"7,565.00"
LLBS,2021-01-24,1733.0,1815.0,1702.0,1716.0,0.04 %,"9,938.00"
LLBS,2021-01-25,1750.0,1755.0,1666.0,1700.0,-0.01 %,"4,641.00"
LLBS,2021-01-26,1697.0,1697.0,1645.0,1645.0,-0.03 %,"9,850.00"
LLBS,2021-01-27,1640.0,1670.0,1608.0,1660.0,0.01 %,"26,240.00"
LLBS,2021-01-28,1693.0,1737.0,1627.0,1627.0,-0.02 %,"15,413.00"
LLBS,2021-01-31,1601.0,1620.0,1472.0,1565.0,-0.04 %,"18,393.00"
LLBS,2021-02-01,1596.0,1596.0,1506.0,1591.0,0.02 %,"7,735.00"
LLBS,2021-02-02,1600.0,1689.0,1600.0,1676.0,0.05 %,"5,970.00"
LLBS,2021-02-03,1708.0,1708.0,1593.0,1620.0,-0.03 %,"5,116.00"
LLBS,2021-02-04,1620.0,1757.0,1620.0,1696.0,0.05 %,"9,389.00"
LLBS,2021-02-07,1729.0,1811.0,1700.0,1805.0,0.06 %,"19,875.00"
LLBS,2021-02-08,1806.0,1841.0,1668.0,1718.0,-0.05 %,"8,952.00"
LLBS,2021-02-09,1684.0,1688.0,1645.0,1682.0,-0.02 %,"3,942.00"
LLBS,2021-02-10,1620.0,1650.0,1608.0,1610.0,-0.02 %,"3,463.00"
LLBS,2021-02-11,1625.0,1657.0,1562.0,1570.0,-0.02 %,"8,455.00"
LLBS,2021-02-14,1540.0,1601.0,1540.0,1567.0,-0.00 %,"1,563.00"
LLBS,2021-02-15,1598.0,1723.0,1598.0,1723.0,0.10 %,"18,373.00"
LLBS,2021-02-16,1723.0,1730.0,1668.0,1699.0,-0.01 %,"11,700.00"
LLBS,2021-02-17,1615.0,1700.0,1615.0,1681.0,-0.01 %,"3,329.00"
LLBS,2021-02-18,1690.0,1690.0,1649.0,1681.0,0.00 %,"2,708.00"
LLBS,2021-02-21,1681.0,1681.0,1600.0,1628.0,-0.03 %,"3,957.00"
LLBS,2021-02-22,1596.0,1659.0,1596.0,1620.0,-0.49 %,"4,402.00"
LLBS,2021-02-23,1588.0,1621.0,1560.0,1602.0,-1.11 %,"6,205.00"
LLBS,2021-02-24,1612.0,1655.0,1612.0,1621.0,1.19 %,"2,579.00"
LLBS,2021-02-25,1621.0,1630.0,1600.0,1620.0,0.00 %,"5,220.00"
LLBS,2021-02-28,1590.0,1598.0,1560.0,1570.0,-3.09 %,"12,610.00"
LLBS,2021-03-01,1540.0,1607.0,1540.0,1582.0,0.00 %,"6,366.00"
LLBS,2021-03-02,1563.0,1595.0,1537.0,1546.0,-2.28 %,"6,258.00"
LLBS,2021-03-03,1524.0,1553.0,1524.0,1553.0,0.45 %,"2,112.00"
LLBS,2021-03-04,1584.0,1644.0,1556.0,1644.0,5.86 %,"11,742.00"
LLBS,2021-03-08,1612.0,1640.0,1601.0,1617.0,-1.64 %,"7,475.00"
LLBS,2021-03-09,1615.0,1634.0,1591.0,1620.0,0.19 %,"7,658.00"
LLBS,2021-03-10,1596.0,1657.0,1596.0,1649.0,1.79 %,"4,848.00"
LLBS,2021-03-14,1620.0,1620.0,1600.0,1610.0,-2.37 %,"2,396.00"
LLBS,2021-03-15,1609.0,1625.0,1601.0,1610.0,0.00 %,"2,921.00"
LLBS,2021-03-16,1610.0,1630.0,1602.0,1611.0,0.06 %,"4,453.00"
LLBS,2021-03-17,1611.0,1648.0,1606.0,1648.0,2.30 %,"3,064.00"
LLBS,2021-03-18,1660.0,1680.0,1650.0,1669.0,1.27 %,"4,148.00"
LLBS,2021-03-21,1701.0,1770.0,1699.0,1770.0,6.05 %,"12,283.00"
LLBS,2021-03-22,1770.0,1770.0,1713.0,1740.0,-1.69 %,"6,732.00"
LLBS,2021-03-23,1725.0,1760.0,1725.0,1760.0,1.15 %,"7,739.00"
LLBS,2021-03-24,1785.0,1810.0,1750.0,1805.0,2.56 %,"15,837.00"
LLBS,2021-03-25,1820.0,1825.0,1786.0,1812.0,0.39 %,"17,524.00"
LLBS,2021-03-29,1800.0,1915.0,1791.0,1910.0,5.41 %,"25,765.00"
LLBS,2021-03-30,1948.0,2025.0,1940.0,2000.0,4.71 %,"12,879.00"
LLBS,2021-03-31,2100.0,2100.0,1975.0,1975.0,-1.25 %,"7,440.00"
LLBS,2021-04-01,2000.0,2014.0,1941.0,1990.0,0.76 %,"13,513.00"
LLBS,2021-04-04,2089.0,2089.0,1985.0,2020.0,1.51 %,"12,428.00"
LLBS,2021-04-05,2005.0,2040.0,2001.0,2030.0,0.50 %,"11,252.00"
LLBS,2021-04-06,2131.0,2131.0,2010.0,2023.0,-0.34 %,"8,476.00"
LLBS,2021-04-07,2000.0,2070.0,2000.0,2060.0,1.83 %,"7,008.00"
LLBS,2021-04-08,2090.0,2199.0,2080.0,2153.0,4.51 %,"21,335.00"
LLBS,2021-04-12,2160.0,2230.0,2113.0,2179.0,1.21 %,"8,967.00"
LLBS,2021-04-13,2160.0,2174.0,2086.0,2086.0,-4.27 %,"21,830.00"
LLBS,2021-04-15,2087.0,2170.0,2075.0,2124.0,1.82 %,"13,361.00"
LLBS,2021-04-18,2230.0,2230.0,2090.0,2091.0,-1.55 %,"9,642.00"
LLBS,2021-04-19,2060.0,2140.0,2060.0,2109.0,0.86 %,"15,219.00"
LLBS,2021-04-20,2100.0,2129.0,2073.0,2129.0,0.95 %,"32,691.00"
LLBS,2021-04-21,2100.0,2227.0,2100.0,2173.0,2.07 %,"36,145.00"
LLBS,2021-04-22,2135.0,2225.0,2135.0,2198.0,1.15 %,"14,548.00"
LLBS,2021-04-25,2176.0,2190.0,2063.0,2140.0,-2.64 %,"11,741.00"
LLBS,2021-04-26,2140.0,2140.0,2030.0,2030.0,-5.14 %,"27,119.00"
LLBS,2021-04-27,2040.0,2175.0,2040.0,2170.0,6.90 %,"9,870.00"
LLBS,2021-04-28,2170.0,2170.0,2110.0,2129.0,-1.89 %,"12,221.00"
LLBS,2021-04-29,2140.0,2142.0,2100.0,2119.0,-0.47 %,"3,612.00"
LLBS,2021-05-02,2224.0,2224.0,2134.0,2214.0,4.48 %,"25,234.00"
LLBS,2021-05-03,2240.0,2315.0,2197.0,2275.0,2.76 %,"30,008.00"
LLBS,2021-05-04,2300.0,2399.0,2250.0,2370.0,4.18 %,"28,440.00"
LLBS,2021-05-05,2488.0,2488.0,2270.0,2293.0,-3.25 %,"23,137.00"
LLBS,2021-05-06,2285.0,2285.0,2211.0,2260.0,-1.44 %,"15,575.00"
LLBS,2021-05-09,2244.0,2265.0,2200.0,2211.0,-2.17 %,"12,017.00"
LLBS,2021-05-10,2200.0,2260.0,2200.0,2245.0,1.54 %,"10,622.00"
LLBS,2021-05-11,2240.0,2350.0,2240.0,2320.0,3.34 %,"14,876.00"
LLBS,2021-05-12,2320.0,2320.0,2281.0,2308.0,-0.52 %,"9,650.00"
LLBS,2021-05-13,2300.0,2370.0,2291.0,2369.0,2.64 %,"20,281.00"
LLBS,2021-05-16,2370.0,2468.0,2370.0,2465.0,4.05 %,"17,043.00"
LLBS,2021-05-17,2465.0,2470.0,2425.0,2459.0,-0.24 %,"22,462.00"
LLBS,2021-05-18,2450.0,2530.0,2450.0,2524.0,2.64 %,"24,443.00"
LLBS,2021-05-19,2524.0,2574.0,2432.0,2488.0,-1.43 %,"27,173.00"
LLBS,2021-05-20,2530.0,2530.0,2440.0,2456.0,-1.29 %,"4,502.00"
LLBS,2021-05-23,2456.0,2456.0,2407.0,2420.0,-1.47 %,"12,266.00"
LLBS,2021-05-24,2465.0,2516.0,2376.0,2438.0,0.74 %,"34,949.00"
LLBS,2021-05-25,2407.0,2449.0,2400.0,2449.0,0.45 %,"13,040.00"
LLBS,2021-05-27,2550.0,2550.0,2238.0,2356.0,-3.80 %,"40,906.00"
LLBS,2021-05-30,2399.0,2399.0,2285.0,2300.0,-2.38 %,"12,608.00"
LLBS,2021-05-31,2200.0,2377.0,2200.0,2284.0,-0.70 %,"5,256.00"
LLBS,2021-06-01,2260.0,2300.0,2240.0,2290.0,0.26 %,"6,252.00"
LLBS,2021-06-02,2290.0,2319.0,2270.0,2280.0,-0.44 %,"4,803.00"
LLBS,2021-06-03,2394.0,2394.0,2304.0,2315.0,1.54 %,"10,271.00"
LLBS,2021-06-06,2425.0,2425.0,2274.0,2318.0,0.13 %,"5,851.00"
LLBS,2021-06-07,2275.0,2318.0,2265.0,2295.0,-0.99 %,"3,678.00"
LLBS,2021-06-08,2261.0,2280.0,2255.0,2265.0,-1.31 %,"5,384.00"
LLBS,2021-06-09,2378.0,2378.0,2215.0,2226.0,-0.02 %,"10,879.00"
LLBS,2021-06-10,2200.0,2288.0,2200.0,2288.0,2.79 %,"8,869.00"
LLBS,2021-06-13,2270.0,2333.0,2215.0,2250.0,-1.66 %,"10,419.00"
LLBS,2021-06-14,2225.0,2250.0,2223.0,2223.0,-1.20 %,"5,240.00"
LLBS,2021-06-15,2212.0,2235.0,2200.0,2201.0,-0.99 %,"5,037.00"
LLBS,2021-06-16,2120.0,2351.0,2120.0,2235.0,1.54 %,"10,570.00"
LLBS,2021-06-17,2260.0,2275.0,2200.0,2239.0,0.18 %,"3,164.00"
LLBS,2021-06-20,2239.0,2239.0,2165.0,2222.0,-0.76 %,"4,029.00"
LLBS,2021-06-21,2200.0,2260.0,2151.0,2170.0,-2.34 %,"4,577.00"
LLBS,2021-06-22,2213.0,2257.0,2128.0,2205.0,1.61 %,"2,590.00"
LLBS,2021-06-23,2190.0,2193.0,2140.0,2193.0,-0.54 %,"1,957.00"
LLBS,2021-06-24,2150.0,2193.0,2109.0,2150.0,-1.96 %,"2,064.00"
LLBS,2021-06-27,2110.0,2177.0,2110.0,2177.0,1.26 %,"1,697.00"
LLBS,2021-06-28,2162.0,2249.0,2162.0,2249.0,3.31 %,"4,765.00"
LLBS,2021-06-29,2360.0,2360.0,2200.0,2249.0,0.00 %,"6,532.00"
LLBS,2021-06-30,2269.0,2269.0,2176.0,2255.0,0.27 %,"2,220.00"
LLBS,2021-07-01,2212.0,2254.0,2209.0,2210.0,-2.00 %,"4,381.00"
LLBS,2021-07-04,2182.0,2225.0,2176.0,2189.0,-0.95 %,"1,223.00"
LLBS,2021-07-05,2147.0,2173.0,2147.0,2173.0,-0.73 %,"2,144.00"
LLBS,2021-07-06,2137.0,2190.0,2102.0,2160.0,-0.60 %,"3,777.00"
LLBS,2021-07-07,2199.0,2199.0,2152.0,2170.0,0.46 %,"2,349.00"
LLBS,2021-07-08,2180.0,2215.0,2170.0,2210.0,1.84 %,"4,024.00"
LLBS,2021-07-11,2211.0,2339.0,2211.0,2302.0,4.16 %,"7,870.00"
LLBS,2021-07-12,2347.0,2393.0,2225.0,2265.0,-1.61 %,"6,885.00"
LLBS,2021-07-13,2299.0,2300.0,2270.0,2297.0,1.41 %,772.00
LLBS,2021-07-14,2280.0,2310.0,2280.0,2280.0,-0.74 %,"2,378.00"
LLBS,2021-07-15,2310.0,2310.0,2266.0,2290.0,0.44 %,694.00
LLBS,2021-07-18,2300.0,2350.0,2271.0,2340.0,2.18 %,"5,126.00"
LLBS,2021-07-19,2371.0,2400.0,2310.0,2347.0,0.30 %,"6,211.00"
LLBS,2021-07-20,2312.0,2379.0,2312.0,2379.0,1.36 %,"3,392.00"
LLBS,2021-07-22,2385.0,2450.0,2340.0,2418.0,1.64 %,"6,567.00"
LLBS,2021-07-25,2466.0,2466.3,2390.0,2430.0,0.50 %,"8,624.00"
LLBS,2021-07-26,2381.4,2471.0,2381.4,2425.0,-0.21 %,"14,431.00"
LLBS,2021-07-27,2400.0,2400.0,2289.3,2360.0,-2.68 %,"12,757.00"
LLBS,2021-07-28,2360.0,2395.0,2342.0,2369.0,0.38 %,"2,146.00"
LLBS,2021-07-29,2410.0,2416.3,2343.0,2390.0,0.89 %,"2,161.00"
LLBS,2021-08-01,2365.0,2430.0,2361.0,2409.0,0.79 %,"2,580.00"
LLBS,2021-08-02,2410.0,2457.1,2410.0,2457.1,2.00 %,"15,751.00"
LLBS,2021-08-03,2506.2,2528.0,2450.0,2478.0,0.85 %,"27,006.00"
LLBS,2021-08-04,2480.0,2488.0,2355.0,2380.0,-3.95 %,"12,765.00"
LLBS,2021-08-05,2380.0,2394.0,2340.0,2392.0,0.50 %,"6,768.00"
LLBS,2021-08-08,2398.0,2398.0,2302.6,2344.0,-2.01 %,"5,909.00"
LLBS,2021-08-09,2302.0,2348.0,2302.0,2348.0,0.17 %,"3,082.00"
LLBS,2021-08-10,2320.0,2360.0,2320.0,2350.0,0.09 %,"2,444.00"
LLBS,2021-08-11,2322.1,2375.0,2322.1,2340.0,-0.43 %,"4,474.00"
LLBS,2021-08-12,2340.0,2380.0,2300.0,2380.0,1.71 %,"5,623.00"
LLBS,2021-08-15,2350.0,2427.6,2335.0,2400.0,0.84 %,"7,159.00"
LLBS,2021-08-16,2355.0,2370.0,2350.0,2356.0,-1.83 %,"3,972.00"
LLBS,2021-08-17,2399.0,2399.0,2309.0,2310.0,-1.95 %,"2,699.00"
LLBS,2021-08-18,2300.0,2405.0,2274.0,2360.0,2.16 %,"8,578.00"
LLBS,2021-08-19,2350.0,2360.0,2328.2,2360.0,0.00 %,"6,475.00"
LLBS,2021-08-24,2315.0,2350.0,2315.0,2329.0,-1.31 %,"3,763.00"
LLBS,2021-08-25,2320.0,2320.0,2255.0,2255.0,-3.18 %,"4,164.00"
LLBS,2021-08-26,2260.0,2280.0,2230.0,2231.0,-1.06 %,"2,816.00"
LLBS,2021-08-29,2215.0,2215.0,2160.0,2192.0,-1.75 %,"4,952.00"
LLBS,2021-08-31,2200.0,2200.0,2115.0,2115.0,-3.51 %,"3,890.00"
LLBS,2021-09-01,2157.3,2170.0,2081.0,2135.0,0.95 %,"3,457.00"
LLBS,2021-09-02,2135.0,2165.0,2080.0,2121.6,-0.63 %,"3,434.00"
LLBS,2021-09-05,2079.2,2080.0,1950.0,2080.0,-1.96 %,"7,659.00"
LLBS,2021-09-06,2039.1,2140.0,1965.0,2140.0,2.88 %,"6,411.00"
LLBS,2021-09-07,2178.0,2179.0,2040.0,2040.0,-4.67 %,"2,093.00"
LLBS,2021-09-08,2040.0,2206.0,1970.0,2040.0,0.00 %,"3,441.00"
LLBS,2021-09-09,2080.0,2118.0,2002.0,2030.0,-0.49 %,"2,555.00"
LLBS,2021-09-12,2001.0,2153.0,2001.0,2086.0,2.76 %,"2,672.00"
LLBS,2021-09-13,2127.7,2127.7,2040.0,2058.0,-1.34 %,"3,292.00"
LLBS,2021-09-14,2017.0,2225.0,1977.0,2089.0,1.51 %,"4,220.00"
LLBS,2021-09-15,2127.0,2127.0,2040.0,2070.0,-0.91 %,"1,048.00"
LLBS,2021-09-16,2029.0,2029.0,1960.0,1987.5,-3.99 %,"7,116.00"
LLBS,2021-09-20,1948.0,2027.0,1900.0,2027.0,1.99 %,"3,170.00"
LLBS,2021-09-21,2020.0,2067.0,1906.6,1985.0,-2.07 %,"3,751.00"
LLBS,2021-09-22,1985.0,2050.0,1985.0,2017.0,1.61 %,"3,212.00"
LLBS,2021-09-23,2017.0,2040.0,1985.0,1991.0,-1.29 %,"2,795.00"
LLBS,2021-09-26,1991.0,1991.0,1903.0,1920.0,-3.57 %,"1,429.00"
LLBS,2021-09-27,1945.0,1945.0,1851.0,1880.0,-2.08 %,"4,089.00"
LLBS,2021-09-28,1850.0,1880.0,1800.0,1830.0,-2.66 %,"2,305.00"
LLBS,2021-09-29,1830.0,1863.9,1806.0,1863.9,1.85 %,728.00
LLBS,2021-09-30,1901.0,1901.0,1793.4,1831.0,-1.77 %,"3,066.00"
LLBS,2021-10-03,1867.6,1942.0,1790.0,1800.0,-1.69 %,"7,592.00"
LLBS,2021-10-04,1836.0,1836.0,1764.0,1830.0,1.67 %,"1,784.00"
LLBS,2021-10-05,1830.0,1898.0,1820.0,1838.0,0.44 %,"2,995.00"
LLBS,2021-10-06,1858.0,1945.0,1858.0,1895.0,3.10 %,"2,752.00"
LLBS,2021-10-10,1932.0,1978.0,1867.0,1882.0,-0.69 %,"3,319.00"
LLBS,2021-10-11,1860.0,1870.0,1794.4,1844.7,-1.98 %,"2,620.00"
LLBS,2021-10-17,1844.7,1879.0,1810.0,1850.0,0.29 %,384.00
LLBS,2021-10-18,1850.0,1850.0,1748.1,1752.0,-5.30 %,"3,545.00"
LLBS,2021-10-19,1752.0,1752.0,1701.0,1740.0,-0.68 %,"1,937.00"
LLBS,2021-10-20,1774.8,1799.9,1711.0,1759.0,1.09 %,"2,173.00"
LLBS,2021-10-21,1770.0,1789.0,1726.0,1750.0,-0.51 %,"1,500.00"
LLBS,2021-10-24,1777.0,1779.9,1715.0,1741.0,-0.51 %,"1,403.00"
LLBS,2021-10-25,1774.0,1809.0,1770.0,1797.0,3.22 %,"1,090.00"
LLBS,2021-10-26,1832.9,1836.0,1797.2,1828.0,1.73 %,"6,234.00"
LLBS,2021-10-27,1820.0,1897.2,1794.0,1860.0,1.75 %,"3,269.00"
LLBS,2021-10-28,1880.0,1907.0,1870.0,1907.0,2.53 %,"7,574.00"
LLBS,2021-10-31,1930.0,1970.0,1930.0,1959.0,2.73 %,"2,435.00"
LLBS,2021-11-01,1998.0,1998.0,1895.0,1900.0,-3.01 %,"3,535.00"
LLBS,2021-11-02,1938.0,1964.0,1915.0,1956.0,2.95 %,"6,027.00"
LLBS,2021-11-03,1961.0,2006.0,1950.0,2006.0,2.56 %,"3,929.00"
LLBS,2021-11-08,2006.0,2035.0,2006.0,2011.0,0.25 %,"2,310.00"
LLBS,2021-11-09,2000.0,2000.0,1930.0,1930.0,-4.03 %,"4,425.00"
LLBS,2021-11-11,1921.0,1921.0,1853.0,1885.0,-2.33 %,"3,262.00"
LLBS,2021-11-14,1900.0,1960.0,1870.0,1925.0,2.12 %,"2,422.00"
LLBS,2021-11-15,1960.0,1974.0,1925.0,1930.6,0.29 %,"11,296.00"
LLBS,2021-11-16,1641.0,1660.1,1580.0,1628.0,1.19 %,"2,820.00"
LLBS,2021-11-17,1660.5,1660.5,1600.0,1600.0,-1.72 %,"1,801.00"
LLBS,2021-11-18,1575.0,1632.0,1560.0,1591.0,-0.56 %,"3,677.00"
LLBS,2021-11-21,1599.0,1622.0,1599.0,1600.0,0.57 %,"1,356.00"
LLBS,2021-11-22,1601.0,1618.0,1590.0,1595.0,-0.31 %,"1,824.00"
LLBS,2021-11-23,1595.0,1595.0,1563.1,1575.0,-1.25 %,"1,572.00"
LLBS,2021-11-24,1551.0,1580.0,1550.0,1575.0,0.00 %,"1,470.00"
LLBS,2021-11-25,1606.5,1606.5,1575.0,1575.0,0.00 %,"1,186.00"
LLBS,2021-11-28,1544.0,1544.0,1495.0,1495.0,-5.08 %,"2,745.00"
LLBS,2021-11-29,1495.0,1495.0,1467.0,1493.0,-0.13 %,328.00
LLBS,2021-11-30,1466.0,1475.0,1460.0,1475.0,-1.21 %,472.00
LLBS,2021-12-01,1504.5,1504.5,1445.0,1445.0,-2.03 %,302.00
LLBS,2021-12-02,1435.0,1450.0,1431.0,1431.0,-0.97 %,"1,491.00"
LLBS,2021-12-05,1410.0,1410.0,1380.0,1400.0,-2.17 %,"2,717.00"
LLBS,2021-12-06,1400.0,1425.0,1376.5,1409.4,0.67 %,"2,197.00"
LLBS,2021-12-07,1410.0,1433.0,1381.0,1381.0,-2.02 %,"1,793.00"
LLBS,2021-12-08,1381.0,1382.0,1328.3,1328.3,-3.82 %,"1,291.00"
LLBS,2021-12-09,1325.0,1352.0,1325.0,1344.9,1.25 %,537.00
LLBS,2021-12-12,1319.0,1320.0,1297.0,1297.0,-3.56 %,"1,864.00"
LLBS,2021-12-13,1273.0,1274.0,1205.0,1216.0,-6.25 %,"2,505.00"
LLBS,2021-12-14,1240.0,1260.0,1225.0,1260.0,3.62 %,647.00
LLBS,2021-12-15,1285.2,1347.0,1260.0,1285.0,1.98 %,"1,669.00"
LLBS,2021-12-16,1285.0,1305.0,1261.0,1301.0,1.25 %,904.00
LLBS,2021-12-20,1327.0,1327.0,1290.0,1299.0,-0.15 %,712.00
LLBS,2021-12-21,1305.0,1348.0,1305.0,1310.0,0.85 %,852.00
LLBS,2021-12-22,1310.0,1349.0,1292.0,1345.0,2.67 %,"1,211.00"
LLBS,2021-12-23,1371.9,1410.0,1365.0,1400.0,4.09 %,"2,262.00"
LLBS,2021-12-26,1427.0,1453.0,1400.0,1449.0,3.50 %,"1,425.00"
LLBS,2021-12-27,1477.9,1477.9,1400.0,1400.0,-3.38 %,772.00
LLBS,2021-12-28,1380.0,1420.0,1376.0,1414.0,1.00 %,936.00
LLBS,2021-12-29,1414.0,1415.0,1401.0,1401.0,-0.92 %,898.00
LLBS,2022-01-02,1410.0,1448.0,1400.0,1448.0,3.35 %,"1,668.00"
LLBS,2022-01-03,1420.0,1518.0,1420.0,1518.0,4.83 %,"6,666.00"
LLBS,2022-01-04,1490.0,1568.0,1490.0,1559.0,2.70 %,"1,994.00"
LLBS,2022-01-05,1564.0,1564.0,1495.0,1510.0,-3.14 %,"1,275.00"
LLBS,2022-01-06,1510.0,1533.0,1486.0,1520.0,0.66 %,"2,139.00"
LLBS,2022-01-09,1550.0,1608.0,1530.0,1580.0,3.95 %,"3,225.00"
LLBS,2022-01-10,1605.0,1605.0,1577.0,1595.0,0.95 %,"1,499.00"
LLBS,2022-01-11,1600.0,1662.0,1582.0,1643.0,3.01 %,"12,795.00"
LLBS,2022-01-12,1645.0,1675.0,1620.0,1670.0,1.64 %,"7,180.00"
LLBS,2022-01-13,1638.0,1710.0,1637.0,1710.0,2.40 %,"14,903.00"
LLBS,2022-01-16,1710.0,1745.0,1700.0,1735.0,1.46 %,"5,031.00"
LLBS,2022-01-17,1701.0,1733.0,1700.0,1720.0,-0.86 %,"3,837.00"
LLBS,2022-01-18,1747.0,1747.0,1685.1,1698.0,-1.28 %,"5,763.00"
LLBS,2022-01-19,1699.0,1699.0,1669.0,1670.0,-1.65 %,"5,133.00"
LLBS,2022-01-20,1670.0,1670.0,1646.0,1663.2,-0.41 %,"1,473.00"
LLBS,2022-01-23,1696.0,1696.0,1664.0,1665.0,0.11 %,"1,101.00"
LLBS,2022-01-24,1635.0,1635.0,1590.0,1620.0,-2.70 %,"4,356.00"
LLBS,2022-01-25,1587.6,1648.0,1557.0,1600.0,-1.23 %,"5,546.00"
LLBS,2022-01-26,1600.0,1600.0,1550.0,1580.0,-1.25 %,"4,307.00"
LLBS,2022-01-27,1580.0,1580.0,1548.4,1579.9,-0.01 %,784.00
LLBS,2022-01-30,1611.0,1611.0,1580.0,1600.0,1.27 %,940.00
LLBS,2022-01-31,1620.0,1620.0,1564.0,1564.0,-2.25 %,"1,368.00"
LLBS,2022-02-01,1551.0,1620.0,1550.0,1600.0,2.30 %,"2,642.00"
LLBS,2022-02-03,1620.0,1629.2,1575.0,1588.0,-0.75 %,691.00
LLBS,2022-02-06,1561.0,1574.0,1551.0,1573.0,-0.94 %,"1,304.00"
LLBS,2022-02-07,1575.0,1580.0,1560.0,1570.0,-0.19 %,340.00
LLBS,2022-02-08,1601.0,1601.0,1550.0,1566.0,0.00 %,"4,163.00"
LLBS,2022-02-09,1567.0,1567.0,1534.8,1535.0,-1.98 %,555.00
LLBS,2022-02-10,1535.0,1535.0,1505.0,1513.0,-1.43 %,912.00
LLBS,2022-02-13,1482.8,1482.8,1438.0,1440.0,-4.82 %,"2,730.00"
LLBS,2022-02-14,1468.8,1478.8,1431.0,1450.0,0.69 %,"1,535.00"
LLBS,2022-02-15,1477.0,1508.0,1441.0,1508.0,4.00 %,"1,847.00"
LLBS,2022-02-16,1529.0,1529.0,1465.0,1495.0,-0.86 %,848.00
LLBS,2022-02-17,1494.0,1496.0,1466.1,1494.0,-0.07 %,917.00
LLBS,2022-02-20,1468.0,1469.0,1439.0,1460.0,-2.28 %,"3,106.00"
LLBS,2022-02-21,1479.0,1479.0,1443.2,1470.0,0.68 %,"1,277.00"
LLBS,2022-02-22,1497.0,1499.3,1470.0,1471.0,0.07 %,269.00
LLBS,2022-02-23,1471.0,1472.0,1445.0,1460.0,-0.75 %,424.00
LLBS,2022-02-24,1433.0,1433.0,1384.0,1400.0,-4.11 %,"2,925.00"
LLBS,2022-02-27,1385.0,1412.0,1384.0,1384.0,-1.14 %,"1,098.00"
LLBS,2022-02-28,1370.0,1380.0,1362.0,1365.0,-1.37 %,891.00
LLBS,2022-03-02,1341.0,1342.1,1305.1,1314.0,-3.74 %,"2,862.00"
LLBS,2022-03-06,1312.0,1350.0,1300.0,1321.3,0.56 %,"1,333.00"
LLBS,2022-03-07,1347.7,1351.0,1320.8,1331.0,0.73 %,852.00
LLBS,2022-03-09,1331.0,1332.0,1310.0,1332.0,0.08 %,440.00
LLBS,2022-03-10,1330.0,1354.0,1330.0,1352.0,1.50 %,774.00
LLBS,2022-03-13,1379.0,1400.9,1366.0,1400.0,3.55 %,"1,527.00"
LLBS,2022-03-14,1400.0,1400.0,1376.0,1376.0,-1.71 %,525.00
LLBS,2022-03-15,1380.0,1400.0,1367.0,1400.0,1.74 %,480.00
LLBS,2022-03-16,1375.0,1419.9,1375.0,1415.0,1.07 %,928.00
LLBS,2022-03-20,1386.7,1400.0,1386.7,1390.0,-1.77 %,230.00
LLBS,2022-03-21,1370.0,1397.0,1370.0,1386.0,-0.29 %,902.00
LLBS,2022-03-22,1413.7,1428.9,1400.0,1412.0,1.88 %,"2,394.00"
LLBS,2022-03-23,1429.0,1430.0,1410.0,1420.0,0.57 %,277.00
LLBS,2022-03-24,1400.0,1420.0,1392.0,1400.0,-1.41 %,723.00
LLBS,2022-03-27,1400.0,1400.0,1374.0,1399.0,-0.07 %,820.00
LLBS,2022-03-28,1380.0,1388.0,1360.0,1380.0,-1.36 %,494.00
LLBS,2022-03-29,1355.0,1359.0,1350.0,1359.0,-1.52 %,675.00
LLBS,2022-03-30,1352.0,1400.0,1352.0,1400.0,3.02 %,881.00
LLBS,2022-03-31,1414.0,1415.0,1362.0,1401.0,0.07 %,755.00
LLBS,2022-04-03,1379.0,1379.0,1379.0,1379.0,-1.57 %,180.00
LLBS,2022-04-04,1379.0,1379.0,1345.0,1378.0,-0.07 %,875.00
LLBS,2022-04-05,1380.0,1380.0,1320.1,1345.0,-2.39 %,848.00
LLBS,2022-04-06,1345.0,1355.0,1320.0,1338.0,-0.52 %,446.00
LLBS,2022-04-07,1338.0,1355.0,1328.0,1328.0,-0.75 %,559.00
LLBS,2022-04-11,1333.0,1340.0,1311.0,1335.0,0.53 %,"1,033.00"
LLBS,2022-04-12,1314.1,1325.0,1311.0,1311.0,-1.80 %,530.00
LLBS,2022-04-13,1311.0,1337.0,1285.0,1337.0,1.98 %,429.00
LLBS,2022-04-17,1363.7,1367.0,1325.0,1325.0,-0.90 %,395.00
LLBS,2022-04-18,1299.0,1325.0,1275.0,1306.0,-1.43 %,"1,745.00"
LLBS,2022-04-19,1320.0,1325.0,1290.0,1315.8,0.75 %,467.00
LLBS,2022-04-20,1324.0,1324.0,1293.0,1293.0,-1.73 %,"2,315.00"
LLBS,2022-04-21,1293.0,1294.0,1269.2,1294.0,0.08 %,817.00
LLBS,2022-04-24,1269.0,1346.4,1269.0,1346.0,4.02 %,546.00
LLBS,2022-04-25,1346.0,1346.0,1340.0,1341.0,-0.37 %,242.00
LLBS,2022-04-26,1339.0,1339.0,1285.2,1295.0,-3.43 %,"1,015.00"
LLBS,2022-04-27,1271.1,1344.0,1271.0,1344.0,3.78 %,179.00
LLBS,2022-04-28,1344.0,1344.0,1291.0,1331.0,-0.97 %,489.00
LLBS,2022-05-02,1305.0,1320.0,1280.2,1280.2,-3.82 %,475.00
LLBS,2022-05-04,1280.0,1300.0,1275.0,1275.0,-0.41 %,534.00
LLBS,2022-05-05,1251.1,1275.0,1250.0,1250.0,-1.96 %,390.00
LLBS,2022-05-08,1270.0,1270.0,1230.0,1235.0,-1.20 %,449.00
LLBS,2022-05-09,1234.0,1286.0,1234.0,1261.0,2.11 %,409.00
LLBS,2022-05-10,1285.9,1300.0,1285.9,1300.0,3.09 %,203.00
LLBS,2022-05-11,1276.1,1326.0,1276.1,1326.0,2.00 %,439.00
LLBS,2022-05-12,1350.0,1352.0,1325.0,1330.0,0.30 %,114.00
LLBS,2022-05-17,1305.0,1320.0,1290.0,1291.0,-2.93 %,217.00
LLBS,2022-05-18,1290.1,1311.0,1290.0,1311.0,0.02 %,627.00
LLBS,2022-05-19,1300.0,1300.0,1265.0,1265.0,-3.51 %,510.00
LLBS,2022-05-20,1243.0,1292.3,1243.0,1292.3,2.16 %,70.00
LLBS,2022-05-23,1266.5,1266.5,1242.1,1242.1,-3.88 %,142.00
LLBS,2022-05-24,1250.0,1316.0,1241.0,1316.0,5.95 %,373.00
LLBS,2022-05-25,1289.7,1290.0,1266.0,1270.1,-3.49 %,410.00
LLBS,2022-05-26,1251.0,1276.0,1250.1,1266.0,-0.32 %,461.00
LLBS,2022-05-27,1275.0,1282.0,1260.0,1282.0,1.26 %,632.00
LLBS,2022-05-30,1280.0,1305.6,1260.0,1260.0,-1.72 %,778.00
LLBS,2022-05-31,1235.0,1259.7,1235.0,1259.7,-0.02 %,532.00
LLBS,2022-06-01,1259.0,1259.0,1234.0,1234.0,-2.04 %,560.00
LLBS,2022-06-02,1227.0,1227.0,1215.0,1217.0,-1.38 %,549.00
LLBS,2022-06-03,1201.0,1218.0,1180.0,1185.0,-2.63 %,"1,333.00"
LLBS,2022-06-06,1190.0,1227.0,1165.0,1165.0,-1.69 %,"2,289.00"
LLBS,2022-06-07,1187.0,1187.0,1130.0,1145.0,-1.72 %,"1,982.00"
LLBS,2022-06-08,1150.0,1200.0,1150.0,1200.0,4.80 %,681.00
LLBS,2022-06-09,1208.0,1224.0,1187.0,1187.0,-1.08 %,"2,945.00"
LLBS,2022-06-10,1170.0,1230.0,1170.0,1230.0,3.62 %,453.00
LLBS,2022-06-13,1232.0,1232.0,1182.1,1182.1,-3.89 %,626.00
LLBS,2022-06-14,1205.7,1205.7,1158.4,1158.4,-2.00 %,479.00
LLBS,2022-06-15,1135.4,1155.0,1122.1,1146.0,-1.07 %,"1,403.00"
LLBS,2022-06-16,1123.3,1145.0,1123.1,1140.0,-0.52 %,915.00
LLBS,2022-06-17,1158.9,1158.9,1158.9,1158.9,1.66 %,10.00
LLBS,2022-06-19,1160.0,1160.0,1136.0,1137.0,-1.89 %,212.00
LLBS,2022-06-20,1114.3,1120.0,1090.1,1100.0,-3.25 %,821.00
LLBS,2022-06-21,1100.0,1144.4,1100.0,1125.0,2.27 %,315.00
LLBS,2022-06-22,1105.0,1130.2,1102.7,1130.2,0.46 %,"1,413.00"
LLBS,2022-06-23,1107.6,1107.6,1085.0,1100.0,-2.67 %,718.00
LLBS,2022-06-24,1080.0,1120.0,1080.0,1120.0,1.82 %,303.00
LLBS,2022-06-26,1142.4,1182.0,1142.4,1177.0,5.09 %,"1,561.00"
LLBS,2022-06-27,1177.0,1177.0,1153.5,1153.5,-2.00 %,90.00
LLBS,2022-06-28,1131.0,1134.0,1129.0,1129.0,-2.12 %,751.00
LLBS,2022-06-29,1107.5,1175.0,1107.5,1170.0,3.63 %,800.00
LLBS,2022-06-30,1190.0,1229.0,1169.0,1215.0,3.85 %,"3,196.00"
LLBS,2022-07-01,1219.9,1219.9,1170.0,1170.0,-3.70 %,"1,159.00"
LLBS,2022-07-03,1193.0,1240.9,1182.0,1233.0,5.38 %,"1,744.00"
LLBS,2022-07-04,1211.1,1314.0,1211.1,1269.0,2.92 %,"6,378.00"
LLBS,2022-07-05,1243.7,1293.0,1172.0,1278.9,0.78 %,"2,111.00"
LLBS,2022-07-06,1289.0,1289.0,1220.0,1277.0,-0.15 %,"2,900.00"
LLBS,2022-07-07,1260.0,1300.0,1248.2,1300.0,1.80 %,"5,690.00"
LLBS,2022-07-08,1300.0,1300.0,1250.0,1270.0,-2.31 %,"1,320.00"
LLBS,2022-07-11,1245.0,1245.0,1180.0,1229.0,-3.23 %,"5,769.00"
LLBS,2022-07-12,1229.0,1229.0,1180.5,1219.9,-0.74 %,"1,046.00"
LLBS,2022-07-13,1225.0,1330.0,1205.0,1330.0,9.03 %,"1,042.00"
LLBS,2022-07-14,1303.4,1303.4,1255.0,1290.0,-3.01 %,"1,895.00"
LLBS,2022-07-15,1265.0,1300.0,1264.2,1275.0,-1.16 %,143.00
LLBS,2022-07-17,1275.0,1284.0,1256.1,1275.0,0.00 %,"2,121.00"
LLBS,2022-07-18,1280.0,1285.0,1270.0,1285.0,0.78 %,374.00
LLBS,2022-07-19,1290.0,1310.0,1290.0,1309.0,1.87 %,"4,805.00"
LLBS,2022-07-20,1309.0,1324.0,1290.0,1309.9,0.07 %,957.00
LLBS,2022-07-21,1328.0,1328.0,1277.1,1300.0,-0.76 %,"1,188.00"
LLBS,2022-07-22,1275.0,1290.0,1266.0,1279.9,-1.55 %,"1,704.00"
LLBS,2022-07-24,1285.0,1354.5,1285.0,1354.0,5.79 %,"5,407.00"
LLBS,2022-07-25,1327.1,1423.0,1327.1,1420.0,4.87 %,"10,256.00"
LLBS,2022-07-26,1439.0,1439.0,1368.0,1399.0,-1.48 %,"7,526.00"
LLBS,2022-07-27,1400.0,1470.0,1373.0,1466.0,4.79 %,"5,422.00"
LLBS,2022-07-28,1489.0,1506.0,1431.0,1488.0,1.50 %,"7,186.00"
LLBS,2022-07-29,1465.0,1469.0,1435.7,1469.0,-1.28 %,"2,862.00"
LLBS,2022-07-31,1498.0,1498.0,1415.0,1459.9,-0.62 %,"4,359.00"
LLBS,2022-08-01,1445.0,1445.0,1416.1,1440.0,-1.36 %,"1,952.00"
LLBS,2022-08-02,1440.0,1465.0,1386.0,1460.0,1.39 %,"1,379.00"
LLBS,2022-08-03,1431.0,1455.0,1420.0,1435.0,-1.71 %,"1,589.00"
LLBS,2022-08-04,1411.0,1430.0,1373.0,1375.0,-4.18 %,"4,457.00"
LLBS,2022-08-05,1375.0,1400.0,1323.0,1400.0,1.82 %,"2,962.00"
LLBS,2022-08-07,1372.0,1393.0,1356.0,1367.0,-2.36 %,"1,613.00"
LLBS,2022-08-08,1370.0,1410.0,1341.0,1382.0,1.10 %,"5,109.00"
LLBS,2022-08-09,1356.0,1365.0,1332.0,1348.0,-2.46 %,"1,893.00"
LLBS,2022-08-10,1325.0,1325.0,1288.0,1304.0,-3.26 %,"1,472.00"
LLBS,2022-08-11,1278.0,1305.0,1255.0,1255.0,-3.76 %,"2,265.00"
LLBS,2022-08-14,1280.0,1280.0,1239.0,1239.0,-1.27 %,473.00
LLBS,2022-08-15,1260.0,1285.0,1238.0,1280.0,3.31 %,"2,231.00"
LLBS,2022-08-16,1280.0,1304.0,1252.5,1258.0,-1.72 %,"1,173.00"
LLBS,2022-08-17,1250.0,1275.0,1250.0,1260.0,0.16 %,"1,141.00"
LLBS,2022-08-18,1260.0,1310.0,1260.0,1305.0,3.57 %,"1,263.00"
LLBS,2022-08-21,1325.0,1325.0,1272.6,1280.0,-1.92 %,"1,297.00"
LLBS,2022-08-22,1270.0,1293.0,1246.1,1293.0,1.02 %,759.00
LLBS,2022-08-23,1293.0,1313.8,1275.0,1275.0,-1.39 %,823.00
LLBS,2022-08-24,1299.0,1299.0,1275.0,1278.0,0.24 %,312.00
LLBS,2022-08-25,1284.0,1285.0,1270.0,1270.0,-0.63 %,925.00
LLBS,2022-08-26,1262.0,1270.0,1260.0,1260.0,-0.79 %,555.00
LLBS,2022-08-28,1238.0,1285.2,1226.0,1226.1,-2.69 %,"1,437.00"
LLBS,2022-08-29,1203.5,1293.3,1203.4,1250.0,1.95 %,529.00
LLBS,2022-08-30,1275.0,1275.0,1250.0,1250.0,0.00 %,177.00
LLBS,2022-08-31,1250.0,1250.0,1225.0,1225.0,-2.00 %,930.00
LLBS,2022-09-01,1247.0,1248.0,1221.0,1221.0,-0.33 %,327.00
LLBS,2022-09-02,1220.0,1230.0,1206.1,1206.1,-1.22 %,142.00
LLBS,2022-09-04,1230.2,1245.0,1220.1,1238.0,2.64 %,436.00
LLBS,2022-09-05,1238.0,1258.0,1220.0,1255.0,1.37 %,"1,092.00"
LLBS,2022-09-06,1235.0,1235.0,1220.0,1220.4,-2.76 %,128.00
LLBS,2022-09-07,1200.2,1234.2,1200.2,1210.0,-0.85 %,999.00
LLBS,2022-09-08,1220.0,1228.0,1197.0,1197.0,-1.07 %,"1,098.00"
LLBS,2022-09-11,1200.0,1210.0,1190.1,1200.0,0.25 %,383.00
LLBS,2022-09-12,1218.0,1218.0,1180.2,1180.2,-1.65 %,799.00
LLBS,2022-09-13,1176.4,1203.0,1175.1,1200.0,1.68 %,"1,881.00"
LLBS,2022-09-14,1223.0,1234.0,1213.0,1215.0,1.25 %,"1,590.00"
LLBS,2022-09-15,1239.0,1239.0,1178.0,1180.0,-2.88 %,987.00
LLBS,2022-09-16,1170.0,1181.0,1157.0,1177.0,-0.25 %,"1,522.00"
LLBS,2022-09-18,1178.0,1178.0,1132.0,1135.1,-3.56 %,870.00
LLBS,2022-09-20,1116.5,1137.5,1115.1,1134.7,-0.04 %,707.00
LLBS,2022-09-21,1157.3,1179.0,1123.0,1145.0,0.91 %,681.00
LLBS,2022-09-22,1145.0,1145.0,1116.4,1140.0,-0.44 %,302.00
LLBS,2022-09-25,1139.9,1139.9,1119.1,1139.0,-0.09 %,319.00
LLBS,2022-09-27,1145.0,1161.7,1130.0,1136.0,-0.26 %,407.00
LLBS,2022-09-28,1153.0,1153.0,1153.0,1153.0,1.50 %,10.00
LLBS,2022-09-29,1169.0,1170.0,1169.0,1170.0,1.47 %,130.00
LLBS,2022-10-09,1170.0,1195.0,1170.0,1184.0,1.20 %,636.00
LLBS,2022-10-10,1175.0,1178.0,1155.0,1169.0,-1.27 %,577.00
LLBS,2022-10-11,1147.1,1160.0,1136.9,1150.0,-1.63 %,105.00
LLBS,2022-10-12,1129.0,1151.0,1129.0,1140.0,-0.87 %,183.00
LLBS,2022-10-13,1150.0,1161.0,1140.0,1161.0,0.26 %,225.00
LLBS,2022-10-16,1161.0,1161.0,1145.1,1145.1,-1.37 %,40.00
LLBS,2022-10-17,1126.0,1155.0,1126.0,1155.0,0.86 %,243.00
LLBS,2022-10-19,1132.0,1170.0,1132.0,1170.0,1.30 %,260.00
LLBS,2022-10-20,1146.6,1169.3,1124.0,1169.3,-0.06 %,50.00
LLBS,2022-10-31,1192.6,1192.6,1150.0,1173.0,0.32 %,124.00
LLBS,2022-11-01,1160.0,1195.9,1155.0,1195.9,1.95 %,"2,024.00"
LLBS,2022-11-02,1195.0,1200.0,1180.0,1200.0,0.34 %,"1,294.00"
LLBS,2022-11-03,1190.0,1190.0,1170.0,1170.1,-2.49 %,779.00
LLBS,2022-11-06,1172.0,1215.0,1172.0,1214.0,3.75 %,"1,888.00"
LLBS,2022-11-07,1195.0,1212.0,1171.5,1209.9,-0.34 %,"1,423.00"
LLBS,2022-11-08,1200.0,1200.0,1186.0,1186.0,-1.98 %,406.00
LLBS,2022-11-09,1163.0,1163.0,1136.8,1150.0,-3.04 %,"1,476.00"
LLBS,2022-11-10,1173.0,1173.0,1128.0,1145.0,-0.43 %,201.00
LLBS,2022-11-13,1125.0,1125.0,1105.0,1124.0,-1.83 %,448.00
LLBS,2022-11-14,1105.0,1123.6,1101.2,1120.0,-0.36 %,536.00
LLBS,2022-11-15,1098.0,1106.0,1070.0,1072.0,-4.29 %,"2,382.00"
LLBS,2022-11-16,1072.0,1080.0,1055.0,1055.0,-1.59 %,633.00
LLBS,2022-11-17,1034.1,1086.0,1034.1,1076.1,2.00 %,"3,410.00"
LLBS,2022-11-22,1095.0,1095.0,1070.0,1090.0,1.29 %,329.00
LLBS,2022-11-23,1109.0,1109.0,1066.1,1099.0,0.83 %,"9,130.00"
LLBS,2022-11-24,1078.0,1095.0,1056.5,1095.0,-0.36 %,282.00
LLBS,2022-11-27,1086.0,1099.0,1082.0,1092.0,-0.27 %,515.00
LLBS,2022-11-28,1092.0,1110.0,1072.1,1097.0,0.46 %,202.00
LLBS,2022-11-29,1098.0,1098.0,1045.0,1090.0,-0.64 %,"1,023.00"
LLBS,2022-11-30,1068.2,1089.0,1047.0,1089.0,-0.09 %,"2,634.00"
LLBS,2022-12-01,1090.0,1090.0,1073.0,1073.0,-1.47 %,187.00
LLBS,2022-12-04,1055.0,1081.0,1055.0,1072.0,-0.09 %,278.00
LLBS,2022-12-05,1055.1,1080.0,1055.0,1060.0,-1.12 %,"1,075.00"
LLBS,2022-12-06,1039.0,1081.2,1001.0,1052.0,-0.75 %,288.00
LLBS,2022-12-07,1052.0,1055.0,1047.0,1047.0,-0.48 %,188.00
LLBS,2022-12-11,1028.0,1040.0,1028.0,1028.0,-1.81 %,489.00
LLBS,2022-12-12,1012.0,1045.0,1012.0,1026.0,-0.19 %,592.00
LLBS,2022-12-13,1015.0,1024.0,1012.1,1024.0,-0.19 %,148.00
LLBS,2022-12-14,1006.0,1035.0,1006.0,1035.0,1.07 %,151.00
LLBS,2022-12-15,1014.3,1050.0,978.1,1035.0,0.00 %,411.00
LLBS,2022-12-18,1015.0,1015.0,998.0,999.0,-3.48 %,"1,567.00"
LLBS,2022-12-19,1000.0,1000.0,988.0,999.9,0.09 %,289.00
LLBS,2022-12-20,1015.0,1019.8,1000.0,1000.0,0.01 %,786.00
LLBS,2022-12-21,986.0,1009.8,986.0,1009.8,0.98 %,570.00
LLBS,2022-12-22,1000.0,1025.0,998.7,1025.0,1.51 %,286.00
LLBS,2022-12-26,1040.0,1045.0,1029.0,1045.0,1.95 %,780.00
LLBS,2022-12-27,1065.0,1076.0,1056.0,1074.9,2.86 %,"1,031.00"
LLBS,2022-12-28,1053.5,1067.0,1038.0,1060.0,-1.39 %,262.00
LLBS,2022-12-29,1060.0,1146.0,1051.0,1146.0,8.11 %,"5,392.00"
LLBS,2023-01-01,1130.0,1167.0,1110.0,1144.7,-0.11 %,"1,774.00"
LLBS,2023-01-02,1143.0,1145.0,1121.0,1121.0,-2.07 %,729.00
LLBS,2023-01-03,1130.0,1165.0,1118.0,1157.9,3.29 %,"2,989.00"
LLBS,2023-01-04,1181.0,1249.0,1158.0,1249.0,7.87 %,"5,881.00"
LLBS,2023-01-05,1225.0,1281.0,1225.0,1281.0,2.56 %,"5,848.00"
LLBS,2023-01-08,1290.0,1290.0,1265.0,1270.0,-0.86 %,"1,912.00"
LLBS,2023-01-09,1290.0,1295.0,1250.0,1260.0,-0.79 %,"1,008.00"
LLBS,2023-01-10,1285.0,1290.0,1239.0,1280.0,1.59 %,"5,753.00"
LLBS,2023-01-12,1285.0,1285.0,1235.0,1260.0,-1.56 %,"1,698.00"
LLBS,2023-01-17,1236.0,1255.0,1235.0,1255.0,-0.40 %,"1,260.00"
LLBS,2023-01-18,1255.0,1357.0,1255.0,1269.0,1.12 %,"2,256.00"
LLBS,2023-01-19,1243.7,1245.0,1195.6,1200.0,-5.44 %,"3,331.00"
LLBS,2023-01-23,1195.0,1245.0,1195.0,1211.0,0.92 %,"3,095.00"
LLBS,2023-01-24,1195.0,1198.0,1173.0,1198.0,-1.07 %,629.00
LLBS,2023-01-25,1180.0,1219.0,1180.0,1199.0,0.08 %,336.00
LLBS,2023-01-26,1176.0,1207.6,1158.0,1158.0,-3.42 %,"2,768.00"
LLBS,2023-01-29,1135.2,1179.0,1135.2,1171.0,1.12 %,"1,030.00"
LLBS,2023-01-30,1160.0,1160.0,1131.0,1131.0,-3.42 %,"1,840.00"
LLBS,2023-01-31,1111.0,1160.0,1111.0,1145.0,1.24 %,602.00
LLBS,2023-02-01,1125.0,1140.0,1124.0,1135.0,-0.87 %,189.00
LLBS,2023-02-02,1121.0,1121.0,1101.0,1109.0,-2.29 %,642.00
LLBS,2023-02-05,1096.0,1097.0,1088.0,1088.0,-1.89 %,935.00
LLBS,2023-02-06,1100.0,1120.0,1077.0,1098.0,0.92 %,590.00
LLBS,2023-02-07,1119.8,1141.0,1100.0,1141.0,3.92 %,898.00
LLBS,2023-02-08,1163.5,1163.8,1098.0,1138.8,-0.19 %,"1,494.00"
LLBS,2023-02-09,1116.2,1131.9,1102.0,1131.9,-0.61 %,767.00
LLBS,2023-02-12,1110.0,1110.0,1091.3,1091.4,-3.58 %,539.00
LLBS,2023-02-14,1070.2,1070.2,1048.3,1048.3,-3.95 %,"1,459.00"
LLBS,2023-02-15,1055.0,1061.0,1031.0,1049.0,0.07 %,"1,467.00"
LLBS,2023-02-16,1050.0,1050.0,1012.1,1015.0,-3.24 %,"3,568.00"
LLBS,2023-02-20,1016.1,1030.0,997.3,997.3,-1.74 %,940.00
LLBS,2023-02-22,997.0,1015.0,990.0,991.0,-0.63 %,"1,749.00"
LLBS,2023-02-23,980.0,980.0,891.9,892.0,-9.99 %,"4,822.00"
LLBS,2023-02-26,876.0,944.0,875.0,919.0,3.03 %,"3,466.00"
LLBS,2023-02-27,900.7,930.0,897.0,930.0,1.20 %,588.00
LLBS,2023-02-28,938.0,958.0,915.0,948.0,1.94 %,"7,924.00"
LLBS,2023-03-01,840.0,840.0,799.0,820.0,-0.53 %,"2,634.00"
LLBS,2023-03-02,803.6,815.0,768.2,789.0,-3.78 %,840.00
LLBS,2023-03-05,785.0,785.0,745.0,779.0,-1.27 %,758.00
LLBS,2023-03-07,771.0,777.2,762.0,777.2,-0.23 %,255.00
LLBS,2023-03-09,792.0,793.0,777.2,792.0,1.90 %,515.00
LLBS,2023-03-12,778.1,778.1,750.0,760.0,-4.04 %,"6,365.00"
LLBS,2023-03-13,765.1,769.0,744.8,769.0,1.18 %,"2,303.00"
LLBS,2023-03-14,754.1,765.0,745.0,765.0,-0.52 %,208.00
LLBS,2023-03-15,765.0,769.0,721.1,764.3,-0.09 %,"1,725.00"
LLBS,2023-03-16,749.1,749.1,720.3,720.3,-5.76 %,800.00
LLBS,2023-03-19,706.0,707.0,698.6,698.6,-3.01 %,938.00
LLBS,2023-03-20,711.5,711.5,687.1,709.8,1.60 %,343.00
LLBS,2023-03-22,700.0,710.0,685.0,710.0,0.03 %,721.00
LLBS,2023-03-23,695.8,708.0,690.0,708.0,-0.28 %,330.00
LLBS,2023-03-26,700.0,709.0,686.0,686.0,-3.11 %,378.00
LLBS,2023-03-27,673.0,723.9,659.6,723.9,5.52 %,"1,158.00"
LLBS,2023-03-28,709.5,719.9,696.0,716.0,-1.09 %,"1,486.00"
LLBS,2023-03-29,703.1,726.0,703.1,724.9,1.24 %,277.00
LLBS,2023-03-30,712.0,726.0,711.5,711.5,-1.85 %,251.00
LLBS,2023-04-02,711.5,697.4,687.0,687.0,-3.44 %,72.00
LLBS,2023-04-03,674.0,700.7,655.1,679.0,-1.16 %,"2,109.00"
LLBS,2023-04-04,692.5,706.0,670.0,693.6,2.15 %,590.00
LLBS,2023-04-05,694.0,745.0,694.0,745.0,7.41 %,439.00
LLBS,2023-04-06,745.0,745.0,710.5,710.5,-4.63 %,"1,048.00"
LLBS,2023-04-09,697.0,697.0,682.7,684.0,-3.73 %,355.00
LLBS,2023-04-10,673.0,720.0,673.0,709.0,3.65 %,324.00
LLBS,2023-04-11,696.1,723.0,696.0,719.0,1.41 %,239.00
LLBS,2023-04-12,732.0,755.0,716.0,755.0,5.01 %,"1,166.00"
LLBS,2023-04-13,740.0,740.0,709.1,725.0,-3.97 %,"1,309.00"
LLBS,2023-04-16,720.0,720.0,707.1,718.0,-0.97 %,40.00
LLBS,2023-04-17,706.0,706.0,690.0,700.0,-2.51 %,252.00
LLBS,2023-04-18,691.0,695.0,673.4,695.0,-0.71 %,"1,231.00"
LLBS,2023-04-19,700.0,707.0,695.0,707.0,1.73 %,716.00
LLBS,2023-04-20,707.0,715.0,686.0,705.0,-0.28 %,"1,257.00"
LLBS,2023-04-23,710.0,712.0,668.5,712.0,0.99 %,697.00
LLBS,2023-04-24,697.8,697.8,670.5,683.9,-3.95 %,266.00
LLBS,2023-04-25,671.2,697.5,670.5,687.5,0.53 %,"1,094.00"
LLBS,2023-04-26,701.0,701.2,674.0,690.0,0.36 %,90.00
LLBS,2023-04-27,676.2,699.9,671.0,671.0,-2.75 %,357.00
LLBS,2023-04-30,672.0,680.0,668.1,680.0,1.34 %,456.00
LLBS,2023-05-02,693.0,693.5,668.1,668.1,-1.75 %,288.00
LLBS,2023-05-03,668.1,668.1,655.0,655.0,-1.96 %,"1,135.00"
LLBS,2023-05-04,642.0,715.0,642.0,715.0,9.16 %,"1,973.00"
LLBS,2023-05-07,700.7,700.7,680.0,680.0,-4.90 %,260.00
LLBS,2023-05-08,666.4,679.0,664.0,672.0,-1.18 %,470.00
LLBS,2023-05-09,660.1,683.9,658.6,683.9,1.77 %,445.00
LLBS,2023-05-10,671.0,682.0,671.0,682.0,-0.28 %,430.00
LLBS,2023-05-11,670.1,687.0,656.0,687.0,0.73 %,149.00
LLBS,2023-05-14,686.0,687.0,624.0,664.0,-3.35 %,"1,573.00"
LLBS,2023-05-15,652.0,665.0,638.0,665.0,0.00 %,538.00
LLBS,2023-05-16,651.7,687.4,651.7,681.0,2.41 %,"1,587.00"
LLBS,2023-05-17,675.0,689.0,675.0,676.0,-0.73 %,"1,310.00"
LLBS,2023-05-18,689.5,715.0,689.5,700.7,3.65 %,"1,513.00"
LLBS,2023-05-21,714.0,740.0,688.0,713.9,1.88 %,978.00
LLBS,2023-05-22,700.0,714.0,695.0,711.0,-0.41 %,494.00
LLBS,2023-05-23,723.0,737.0,722.0,735.0,3.38 %,791.00
LLBS,2023-05-24,749.0,749.0,721.0,740.0,0.68 %,"2,518.00"
LLBS,2023-05-28,753.0,756.0,735.0,753.9,1.88 %,"1,407.00"
LLBS,2023-05-30,738.9,738.9,710.0,736.9,-2.25 %,962.00
LLBS,2023-05-31,724.0,724.0,698.0,698.0,-5.28 %,705.00
LLBS,2023-06-01,687.0,711.9,687.0,705.0,1.00 %,362.00
LLBS,2023-06-04,710.0,729.0,705.0,724.0,2.70 %,"1,020.00"
LLBS,2023-06-05,725.0,730.0,700.0,716.0,-1.10 %,"2,818.00"
LLBS,2023-06-06,728.0,734.0,707.0,728.0,1.68 %,"1,704.00"
LLBS,2023-06-07,729.9,742.0,715.0,715.0,-1.79 %,717.00
LLBS,2023-06-08,701.0,729.3,688.0,728.0,1.82 %,493.00
LLBS,2023-06-11,715.2,738.0,715.2,735.0,0.96 %,538.00
LLBS,2023-06-12,748.0,775.0,716.6,739.0,0.54 %,"1,122.00"
LLBS,2023-06-13,750.0,793.0,725.2,778.0,5.28 %,"5,374.00"
LLBS,2023-06-14,793.0,830.0,762.0,830.0,6.68 %,"8,118.00"
LLBS,2023-06-15,843.9,843.9,806.0,817.5,-1.51 %,"1,120.00"
LLBS,2023-06-18,833.8,866.1,826.2,865.9,5.92 %,"4,608.00"
LLBS,2023-06-19,883.0,883.0,829.1,860.0,-0.68 %,482.00
LLBS,2023-06-20,868.0,868.0,818.5,824.0,-4.19 %,912.00
LLBS,2023-06-21,840.0,840.0,790.0,797.9,-3.17 %,"1,151.00"
LLBS,2023-06-22,799.0,810.0,784.0,799.0,0.14 %,255.00
LLBS,2023-06-25,784.0,845.0,784.0,838.0,4.88 %,863.00
LLBS,2023-06-26,854.6,854.6,820.0,847.0,1.07 %,"1,423.00"
LLBS,2023-06-27,862.9,931.7,862.9,931.7,10.00 %,"9,121.00"
LLBS,2023-06-28,932.0,932.0,882.0,891.0,-4.37 %,"2,636.00"
LLBS,2023-07-02,875.1,875.1,838.9,840.0,-5.72 %,"2,002.00"
LLBS,2023-07-03,827.0,843.0,820.0,820.0,-2.38 %,"1,165.00"
LLBS,2023-07-04,836.4,836.4,800.0,801.1,-2.30 %,583.00
LLBS,2023-07-05,800.0,800.0,790.4,794.0,-0.89 %,"3,217.00"
LLBS,2023-07-06,795.0,811.6,780.0,811.6,2.22 %,854.00
LLBS,2023-07-09,811.6,827.8,795.4,795.4,-2.00 %,248.00
LLBS,2023-07-10,811.3,827.4,811.3,823.9,3.58 %,699.00
LLBS,2023-07-11,839.0,839.0,807.0,839.0,1.83 %,"1,268.00"
LLBS,2023-07-12,823.0,860.0,823.0,850.0,1.31 %,"2,154.00"
LLBS,2023-07-13,867.0,883.9,850.0,860.0,1.18 %,"2,099.00"
LLBS,2023-07-16,843.0,893.0,843.0,893.0,3.84 %,"1,092.00"
LLBS,2023-07-17,893.0,907.0,875.2,906.0,1.46 %,538.00
LLBS,2023-07-18,906.0,915.0,887.9,904.0,-0.22 %,"1,679.00"
LLBS,2023-07-19,886.0,897.6,872.1,897.6,-0.71 %,299.00
LLBS,2023-07-20,880.0,895.0,845.0,855.0,-4.75 %,"3,276.00"
LLBS,2023-07-23,850.0,873.2,837.9,873.0,2.11 %,757.00
LLBS,2023-07-24,870.0,872.0,854.0,870.0,-0.34 %,"5,081.00"
LLBS,2023-07-25,852.6,862.0,840.0,854.0,-1.84 %,"2,126.00"
LLBS,2023-07-26,838.1,850.0,817.4,817.4,-4.29 %,"1,599.00"
LLBS,2023-07-27,820.0,830.0,805.0,819.9,0.31 %,"1,369.00"
LLBS,2023-07-30,805.0,808.0,800.0,800.0,-2.43 %,771.00
LLBS,2023-07-31,790.1,801.0,786.0,799.0,-0.13 %,"1,127.00"
LLBS,2023-08-01,799.0,799.0,780.0,780.0,-2.38 %,835.00
LLBS,2023-08-02,770.0,780.0,755.5,780.0,0.00 %,723.00
LLBS,2023-08-03,790.0,790.0,770.0,770.0,-1.28 %,130.00
LLBS,2023-08-06,785.0,785.0,757.0,765.0,-0.65 %,"1,429.00"
LLBS,2023-08-07,766.1,797.0,766.1,782.0,2.22 %,"1,551.00"
LLBS,2023-08-08,770.0,790.0,767.0,783.0,0.13 %,639.00
LLBS,2023-08-09,767.4,767.4,704.7,720.0,-8.05 %,"5,255.00"
LLBS,2023-08-10,706.0,733.0,706.0,728.0,1.11 %,"1,174.00"
LLBS,2023-08-13,737.0,737.0,725.0,727.0,-0.14 %,148.00
LLBS,2023-08-14,740.0,740.0,725.0,738.0,1.51 %,72.00
LLBS,2023-08-15,750.0,750.0,705.0,719.1,-2.56 %,214.00
LLBS,2023-08-16,705.0,705.0,690.9,700.0,-2.66 %,119.00
LLBS,2023-08-17,714.0,714.0,665.0,675.0,-3.57 %,"2,685.00"
LLBS,2023-08-20,662.0,700.0,661.7,662.0,-1.93 %,406.00
LLBS,2023-08-21,662.0,728.2,652.0,728.2,10.00 %,703.00
LLBS,2023-08-22,725.0,725.0,675.0,696.0,-4.42 %,465.00
LLBS,2023-08-23,685.0,724.0,685.0,691.0,-0.72 %,614.00
LLBS,2023-08-24,690.0,700.0,671.0,697.9,1.00 %,823.00
LLBS,2023-08-27,684.0,684.0,670.0,670.0,-4.00 %,644.00
LLBS,2023-08-28,656.7,679.0,656.7,679.0,1.34 %,322.00
LLBS,2023-08-29,692.4,692.4,671.0,671.0,-1.18 %,110.00
LLBS,2023-08-30,671.0,671.0,671.0,671.0,0.00 %,439.00
LLBS,2023-09-03,684.0,684.0,650.0,650.0,-3.13 %,240.00
LLBS,2023-09-04,663.0,663.0,642.0,644.0,-0.92 %,175.00
LLBS,2023-09-05,640.1,669.1,640.1,669.1,3.90 %,522.00
LLBS,2023-09-07,666.0,670.0,657.0,670.0,0.13 %,270.00
LLBS,2023-09-10,657.0,683.0,657.0,683.0,1.94 %,259.00
LLBS,2023-09-11,690.0,693.9,676.6,693.0,1.46 %,727.00
LLBS,2023-09-12,680.0,700.0,680.0,690.0,-0.43 %,543.00
LLBS,2023-09-13,699.8,699.8,678.0,688.0,-0.29 %,582.00
LLBS,2023-09-17,675.0,701.0,670.0,699.0,1.60 %,770.00
LLBS,2023-09-18,690.0,690.0,685.1,685.1,-1.99 %,280.00
LLBS,2023-09-19,697.9,697.9,697.9,697.9,1.87 %,10.00
LLBS,2023-09-21,698.0,710.0,690.0,707.0,1.30 %,"2,149.00"
LLBS,2023-09-24,721.1,721.1,695.0,696.0,-1.56 %,"1,791.00"
LLBS,2023-09-25,706.0,706.0,692.1,692.1,-0.56 %,772.00
LLBS,2023-09-26,705.0,725.0,696.8,725.0,4.75 %,"1,752.00"
LLBS,2023-09-27,739.5,739.5,693.0,706.8,-2.51 %,"1,020.00"
LLBS,2023-10-01,692.7,692.7,679.0,690.0,-2.38 %,590.00
LLBS,2023-10-02,680.0,687.0,677.0,687.0,-0.43 %,239.00
LLBS,2023-10-03,680.0,680.0,674.0,674.0,-1.89 %,"1,449.00"
LLBS,2023-10-04,664.1,740.6,663.0,720.3,6.87 %,780.00
LLBS,2023-10-05,705.9,715.0,705.9,715.0,-0.74 %,20.00
LLBS,2023-10-08,700.9,709.4,700.0,709.4,-0.78 %,94.00
LLBS,2023-10-09,695.3,699.0,671.5,695.0,-2.03 %,558.00
LLBS,2023-10-10,705.0,705.0,677.0,689.0,-0.86 %,201.00
LLBS,2023-10-11,675.3,690.0,661.8,690.0,0.15 %,235.00
LLBS,2023-10-12,690.0,690.0,665.0,665.0,-3.62 %,141.00
LLBS,2023-10-16,660.0,660.0,641.0,654.0,-1.65 %,727.00
LLBS,2023-10-17,667.0,690.0,667.0,676.1,3.38 %,114.00
LLBS,2023-10-18,663.0,676.0,650.0,676.0,-0.01 %,356.00
LLBS,2023-10-19,662.6,680.0,650.1,677.0,0.15 %,"1,020.00"
LLBS,2023-10-29,690.0,690.0,688.0,688.0,1.62 %,31.00
LLBS,2023-10-30,674.3,700.0,660.9,700.0,1.74 %,46.00
LLBS,2023-10-31,712.5,712.5,684.6,690.0,-1.43 %,130.00
LLBS,2023-11-01,698.0,698.0,675.3,682.0,-1.16 %,61.00
LLBS,2023-11-02,668.4,681.7,655.1,679.0,-0.44 %,508.00
LLBS,2023-11-05,692.5,692.5,665.5,665.5,-1.99 %,40.00
LLBS,2023-11-06,660.0,678.3,637.0,637.0,-4.28 %,729.00
LLBS,2023-11-07,649.0,700.7,636.1,689.0,8.16 %,"2,657.00"
LLBS,2023-11-08,689.0,689.0,688.5,688.5,-0.07 %,31.00
LLBS,2023-11-20,680.0,687.9,653.1,687.9,-0.09 %,229.00
LLBS,2023-11-21,674.2,700.0,674.2,680.0,-1.15 %,130.00
LLBS,2023-11-22,678.0,678.0,651.3,664.3,-2.31 %,204.00
LLBS,2023-11-23,664.0,664.0,645.1,655.0,-1.40 %,93.00
LLBS,2023-11-26,642.0,654.9,640.0,654.8,-0.03 %,714.00
LLBS,2023-11-27,655.0,655.0,641.7,650.0,-0.73 %,658.00
LLBS,2023-11-28,637.0,637.5,621.0,625.0,-3.85 %,"3,961.00"
LLBS,2023-11-29,625.0,630.0,620.0,625.0,0.00 %,"2,985.00"
LLBS,2023-11-30,613.0,624.0,599.8,617.1,-1.26 %,"3,604.00"
LLBS,2023-12-03,604.8,654.7,583.1,642.9,4.18 %,859.00
LLBS,2023-12-04,630.1,645.0,617.5,639.0,-0.61 %,148.00
LLBS,2023-12-05,626.3,638.0,580.0,637.0,-0.31 %,"2,123.00"
LLBS,2023-12-06,624.3,644.0,624.3,638.0,0.16 %,106.00
LLBS,2023-12-07,637.9,638.0,612.0,637.0,-0.16 %,585.00
LLBS,2023-12-10,637.0,675.0,637.0,675.0,5.97 %,245.00
LLBS,2023-12-11,688.5,742.0,633.7,690.0,2.22 %,"7,858.00"
LLBS,2023-12-12,676.2,738.0,663.0,711.0,3.04 %,"4,140.00"
LLBS,2023-12-13,711.0,721.9,676.3,721.9,1.53 %,"1,022.00"
LLBS,2023-12-14,727.0,727.0,650.0,726.5,0.64 %,"4,321.00"
LLBS,2023-12-17,712.0,721.9,676.0,721.9,-0.63 %,"4,433.00"
LLBS,2023-12-18,708.0,765.0,695.0,744.0,3.06 %,"8,015.00"
LLBS,2023-12-19,740.0,740.0,711.0,737.0,-0.94 %,"3,892.00"
LLBS,2023-12-20,751.7,751.7,722.3,728.0,-1.22 %,"2,009.00"
LLBS,2023-12-21,717.0,742.4,700.0,729.0,0.14 %,"4,450.00"
LLBS,2023-12-24,730.0,738.0,711.0,724.0,-0.69 %,"5,219.00"
LLBS,2023-12-27,710.0,724.0,696.1,709.8,-1.96 %,937.00
LLBS,2023-12-28,705.0,705.0,670.0,670.0,-5.61 %,"3,613.00"
LLBS,2024-01-01,683.4,737.0,663.5,713.9,6.55 %,"10,337.00"
LLBS,2024-01-02,728.1,785.2,673.1,785.0,9.96 %,"2,925.00"
LLBS,2024-01-03,800.7,800.7,730.0,745.0,-5.10 %,"3,323.00"
LLBS,2024-01-04,759.0,789.5,731.1,740.9,-0.55 %,"4,575.00"
LLBS,2024-01-07,752.0,752.0,706.0,750.0,1.23 %,"3,236.00"
LLBS,2024-01-08,745.0,755.0,710.0,730.0,-2.67 %,"1,209.00"
LLBS,2024-01-09,730.0,750.0,715.4,750.0,2.74 %,"4,763.00"
LLBS,2024-01-10,735.0,770.0,735.0,742.2,-1.04 %,"14,333.00"
LLBS,2024-01-11,742.2,742.2,728.3,742.0,-0.03 %,"1,511.00"
LLBS,2024-01-14,756.8,761.6,745.0,758.0,2.16 %,655.00
LLBS,2024-01-16,743.1,790.0,743.1,775.2,2.27 %,"5,855.00"
LLBS,2024-01-17,790.0,810.0,751.0,785.0,1.26 %,"6,812.00"
LLBS,2024-01-18,783.0,801.0,765.0,801.0,2.04 %,"7,282.00"
LLBS,2024-01-21,810.0,819.0,785.0,812.9,1.49 %,"5,257.00"
LLBS,2024-01-22,814.0,819.9,760.1,780.0,-4.05 %,"2,251.00"
LLBS,2024-01-23,764.4,779.0,755.6,755.6,-3.13 %,"2,152.00"
LLBS,2024-01-24,765.9,817.7,756.0,773.9,2.42 %,"5,644.00"
LLBS,2024-01-25,760.1,785.0,745.0,772.0,-0.25 %,"3,094.00"
LLBS,2024-01-28,760.0,774.0,757.0,774.0,0.26 %,"1,184.00"
LLBS,2024-01-29,789.0,789.0,765.0,775.0,0.13 %,233.00
LLBS,2024-01-30,782.0,782.0,753.2,753.2,-2.81 %,502.00
LLBS,2024-01-31,760.0,768.0,752.7,763.8,1.41 %,"1,462.00"
LLBS,2024-02-01,774.0,774.0,741.9,758.5,-0.69 %,"1,254.00"
LLBS,2024-02-04,760.0,769.0,745.0,769.0,1.38 %,"4,825.00"
LLBS,2024-02-05,755.3,771.0,755.3,771.0,0.26 %,"1,830.00"
LLBS,2024-02-06,771.0,786.0,765.0,780.0,1.17 %,"4,100.00"
LLBS,2024-02-07,788.0,788.0,776.0,783.9,0.50 %,265.00
LLBS,2024-02-08,768.5,783.8,768.5,774.0,-1.26 %,927.00
LLBS,2024-02-11,774.0,785.0,761.2,765.0,-1.16 %,896.00
LLBS,2024-02-12,765.0,772.0,760.0,772.0,0.92 %,605.00
LLBS,2024-02-13,756.6,768.9,742.0,768.9,-0.40 %,"1,886.00"
LLBS,2024-02-14,755.0,770.0,753.9,770.0,0.14 %,633.00
LLBS,2024-02-15,778.9,779.9,764.0,775.0,0.65 %,"3,252.00"
LLBS,2024-02-18,765.0,773.1,745.8,773.1,-0.25 %,"2,659.00"
LLBS,2024-02-20,758.0,785.0,745.0,755.0,-2.34 %,636.00
LLBS,2024-02-21,770.0,770.1,755.0,756.6,0.21 %,"2,566.00"
LLBS,2024-02-22,755.0,755.0,752.0,752.3,-0.57 %,"1,046.00"
LLBS,2024-02-25,752.0,767.0,737.3,764.9,1.67 %,577.00
LLBS,2024-02-26,762.1,769.0,755.0,769.0,0.54 %,"1,580.00"
LLBS,2024-02-27,775.0,775.0,747.0,747.0,-2.86 %,241.00
LLBS,2024-02-28,736.0,761.9,735.1,750.0,0.40 %,128.00
LLBS,2024-02-29,735.1,760.0,720.0,735.0,-2.00 %,"2,960.00"
LLBS,2024-03-03,737.0,737.0,730.0,734.0,-0.14 %,611.00
LLBS,2024-03-05,720.1,778.0,720.1,749.0,2.04 %,"1,286.00"
LLBS,2024-03-06,760.0,760.0,748.0,750.0,0.13 %,217.00
LLBS,2024-03-07,760.0,768.9,751.0,768.9,2.52 %,"1,047.00"
LLBS,2024-03-10,780.0,821.0,770.5,798.5,3.85 %,"3,801.00"
LLBS,2024-03-12,814.0,849.0,799.0,849.0,6.32 %,"4,946.00"
LLBS,2024-03-13,845.0,856.8,826.0,849.0,0.00 %,"2,171.00"
LLBS,2024-03-14,862.9,862.9,807.1,828.0,-2.47 %,"1,969.00"
LLBS,2024-03-17,843.0,850.0,820.0,820.0,-0.97 %,"1,182.00"
LLBS,2024-03-18,835.0,835.0,819.0,835.0,1.83 %,736.00
LLBS,2024-03-19,850.0,880.0,850.0,880.0,5.39 %,"9,172.00"
LLBS,2024-03-20,897.0,921.0,867.0,895.0,1.70 %,"12,503.00"
LLBS,2024-03-21,880.0,880.0,825.7,849.0,-5.14 %,"4,253.00"
LLBS,2024-03-25,865.0,865.0,800.0,856.0,0.82 %,"1,262.00"
LLBS,2024-03-26,872.0,872.0,839.0,870.0,1.64 %,"1,499.00"
LLBS,2024-03-27,874.0,875.0,852.6,852.6,-2.00 %,180.00
LLBS,2024-03-28,869.0,869.0,836.0,867.7,1.77 %,877.00
LLBS,2024-03-31,873.0,873.0,835.0,846.0,-2.50 %,"1,558.00"
LLBS,2024-04-01,860.0,860.0,816.0,839.0,-0.83 %,"1,787.00"
LLBS,2024-04-02,852.0,870.0,822.3,845.0,0.72 %,"3,287.00"
LLBS,2024-04-03,830.3,875.0,828.2,860.0,1.78 %,"4,400.00"
LLBS,2024-04-04,875.0,946.0,873.0,931.0,8.26 %,"11,234.00"
LLBS,2024-04-07,949.0,970.0,914.4,941.0,1.07 %,"7,978.00"
LLBS,2024-04-09,923.1,940.0,888.1,905.0,-3.83 %,"5,575.00"
LLBS,2024-04-10,905.0,905.0,875.0,880.0,-2.76 %,"3,515.00"
LLBS,2024-04-14,871.3,942.0,871.3,935.0,6.25 %,"2,381.00"
LLBS,2024-04-15,920.0,972.0,920.0,945.0,1.07 %,"3,005.00"
LLBS,2024-04-16,945.0,958.0,921.1,921.1,-2.53 %,891.00
LLBS,2024-04-18,903.0,935.0,855.0,897.7,-2.54 %,948.00
LLBS,2024-04-21,879.9,915.6,862.4,893.0,-0.52 %,"1,960.00"
LLBS,2024-04-22,904.0,921.0,875.2,898.0,0.56 %,471.00
LLBS,2024-04-24,885.0,909.0,840.0,897.6,-0.04 %,"8,599.00"
LLBS,2024-04-25,880.0,887.0,870.0,887.0,-1.18 %,867.00
LLBS,2024-04-28,870.0,902.0,860.0,900.6,1.53 %,"1,144.00"
LLBS,2024-04-29,893.0,904.8,885.2,904.8,0.47 %,"2,649.00"
LLBS,2024-04-30,888.1,918.9,888.1,909.0,0.46 %,614.00
LLBS,2024-05-02,925.0,963.9,917.0,944.7,3.93 %,"16,092.00"
LLBS,2024-05-05,928.0,1001.0,927.0,969.7,2.65 %,"14,952.00"
LLBS,2024-05-06,951.0,975.0,941.0,975.0,0.55 %,"5,818.00"
LLBS,2024-05-07,975.0,1025.0,975.0,1024.9,5.12 %,"26,208.00"
LLBS,2024-05-08,1026.0,1079.9,1020.1,1079.9,5.37 %,"14,049.00"
LLBS,2024-05-09,1101.0,1101.0,1036.9,1080.0,0.01 %,"12,098.00"
LLBS,2024-05-12,1058.4,1073.3,1037.3,1055.0,-2.31 %,"14,026.00"
LLBS,2024-05-13,1055.0,1066.0,1021.1,1060.0,0.47 %,"6,257.00"
LLBS,2024-05-14,1060.0,1114.0,1050.0,1107.0,4.43 %,"28,127.00"
LLBS,2024-05-15,1106.0,1128.0,1070.1,1072.1,-3.15 %,"17,065.00"
LLBS,2024-05-16,1078.8,1150.0,1066.0,1145.0,6.80 %,"17,952.00"
LLBS,2024-05-19,1154.0,1154.0,1095.0,1125.0,-1.75 %,"18,246.00"
LLBS,2024-05-20,1103.0,1147.0,1082.4,1099.0,-2.31 %,"12,396.00"
LLBS,2024-05-21,1100.0,1135.0,1083.0,1135.0,3.28 %,"6,256.00"
LLBS,2024-05-22,1157.7,1157.7,1100.0,1109.0,-2.29 %,"7,970.00"
LLBS,2024-05-26,1088.0,1090.0,1062.2,1066.0,-3.88 %,"6,167.00"
LLBS,2024-05-27,1060.0,1099.0,1060.0,1090.0,2.25 %,"2,259.00"
LLBS,2024-05-29,1111.0,1122.9,1081.0,1085.0,-0.46 %,"6,574.00"
LLBS,2024-05-30,1065.0,1068.0,1053.0,1053.0,-2.95 %,"3,053.00"
LLBS,2024-06-02,1074.0,1074.0,1055.0,1062.0,0.85 %,"1,848.00"
LLBS,2024-06-03,1060.0,1120.0,1060.0,1100.0,3.58 %,"13,031.00"
LLBS,2024-06-04,1121.0,1170.0,1113.2,1139.0,3.55 %,"24,536.00"
LLBS,2024-06-05,1125.6,1252.0,1125.0,1226.0,7.64 %,"44,389.00"
LLBS,2024-06-06,1249.0,1305.0,1249.0,1270.0,3.59 %,"38,309.00"
LLBS,2024-06-09,1288.0,1288.0,1165.0,1186.0,-6.61 %,"31,122.00"
LLBS,2024-06-10,1209.5,1232.0,1185.0,1203.0,1.43 %,"10,013.00"
LLBS,2024-06-11,1227.0,1269.0,1179.0,1212.0,0.75 %,"10,994.00"
LLBS,2024-06-12,1236.2,1245.0,1207.0,1217.0,0.41 %,"9,264.00"
LLBS,2024-06-13,1241.3,1266.0,1182.0,1204.0,-1.07 %,"12,367.00"
LLBS,2024-06-16,1225.0,1229.0,1164.0,1183.5,-1.70 %,"15,682.00"
LLBS,2024-06-18,1181.0,1200.0,1165.0,1165.0,-1.56 %,"9,324.00"
LLBS,2024-06-19,1187.0,1210.0,1180.0,1209.0,3.78 %,"12,856.00"
LLBS,2024-06-20,1232.0,1232.0,1190.0,1190.0,-1.57 %,"7,797.00"
LLBS,2024-06-23,1212.0,1234.9,1177.1,1180.0,-0.84 %,"5,025.00"
LLBS,2024-06-24,1203.5,1227.5,1197.0,1209.0,2.46 %,"16,791.00"
LLBS,2024-06-25,1227.0,1227.0,1206.1,1211.2,0.18 %,"9,186.00"
LLBS,2024-06-26,1226.0,1233.9,1210.1,1218.9,0.64 %,"9,195.00"
LLBS,2024-06-27,1201.2,1212.0,1190.0,1190.0,-2.37 %,"4,914.00"
LLBS,2024-06-30,1200.0,1209.0,1180.0,1200.0,0.84 %,"4,765.00"
LLBS,2024-07-01,1219.0,1219.0,1200.3,1205.0,0.42 %,"6,329.00"
LLBS,2024-07-02,1225.0,1249.0,1205.1,1225.0,1.66 %,"4,384.00"
LLBS,2024-07-03,1200.5,1200.5,1191.1,1200.0,-2.04 %,732.00
LLBS,2024-07-04,1200.0,1243.0,1199.0,1222.0,1.83 %,"3,540.00"
LLBS,2024-07-07,1244.0,1244.0,1211.0,1222.0,0.00 %,"3,861.00"
LLBS,2024-07-08,1244.0,1244.0,1210.5,1234.9,1.06 %,"7,690.00"
LLBS,2024-07-09,1210.8,1299.0,1210.8,1275.0,3.25 %,"12,460.00"
LLBS,2024-07-10,1299.0,1324.0,1265.0,1289.0,1.10 %,"7,343.00"
LLBS,2024-07-11,1314.0,1314.0,1245.0,1274.0,-1.16 %,"4,125.00"
LLBS,2024-07-14,1299.4,1299.4,1240.0,1248.0,-2.04 %,"4,969.00"
LLBS,2024-07-15,1236.0,1252.0,1220.5,1224.0,-1.92 %,"6,642.00"
LLBS,2024-07-16,1247.0,1270.0,1230.0,1268.5,3.64 %,"4,215.00"
LLBS,2024-07-17,1293.8,1293.8,1245.1,1276.0,0.59 %,"4,796.00"
LLBS,2024-07-18,1276.1,1377.0,1270.0,1280.0,0.31 %,"12,452.00"
LLBS,2024-07-21,1265.0,1305.0,1265.0,1275.2,-0.38 %,"10,941.00"
LLBS,2024-07-22,1299.9,1308.0,1252.0,1307.5,2.53 %,"9,172.00"
LLBS,2024-07-23,1321.0,1321.0,1271.0,1299.0,-0.65 %,"13,166.00"
LLBS,2024-07-24,1317.0,1317.0,1265.0,1289.0,-0.77 %,"12,919.00"
LLBS,2024-07-25,1300.1,1414.0,1276.0,1414.0,9.70 %,"34,311.00"
LLBS,2024-07-28,1400.0,1428.0,1285.2,1349.0,-4.60 %,"25,447.00"
LLBS,2024-07-29,1331.0,1335.0,1303.0,1303.0,-3.41 %,"10,967.00"
LLBS,2024-07-30,1300.0,1330.0,1285.3,1330.0,2.07 %,"9,288.00"
LLBS,2024-07-31,1330.0,1350.0,1289.0,1310.0,-1.50 %,"9,622.00"
LLBS,2024-08-01,1310.0,1329.9,1268.0,1270.0,-3.05 %,"10,625.00"
LLBS,2024-08-05,1270.0,1294.0,1251.0,1276.0,0.47 %,"8,290.00"
LLBS,2024-08-06,1260.0,1260.0,1216.0,1217.0,-4.62 %,"10,077.00"
LLBS,2024-08-07,1240.0,1244.0,1213.0,1229.0,0.99 %,"8,516.00"
LLBS,2024-08-08,1248.9,1248.9,1181.0,1181.0,-3.91 %,"14,911.00"
LLBS,2024-08-11,1201.0,1239.9,1201.0,1237.0,4.74 %,"11,694.00"
LLBS,2024-08-12,1244.0,1268.8,1190.0,1190.0,-3.80 %,"11,325.00"
LLBS,2024-08-13,1200.1,1225.0,1172.0,1190.0,0.00 %,"9,782.00"
LLBS,2024-08-14,1213.8,1213.8,1175.0,1190.0,0.00 %,"6,356.00"
LLBS,2024-08-15,1211.9,1235.0,1175.0,1195.0,0.42 %,"8,395.00"
LLBS,2024-08-18,1190.0,1217.0,1171.1,1171.1,-2.00 %,"8,761.00"
LLBS,2024-08-21,1165.0,1212.0,1160.0,1192.9,1.86 %,"5,482.00"
LLBS,2024-08-22,1190.0,1194.1,1169.1,1194.1,0.10 %,"4,669.00"
LLBS,2024-08-25,1214.9,1294.0,1177.5,1220.0,2.17 %,"16,598.00"
LLBS,2024-08-27,1238.0,1263.7,1196.0,1197.0,-1.89 %,"10,192.00"
LLBS,2024-08-28,1220.9,1244.0,1180.3,1181.2,-1.32 %,"4,379.00"
LLBS,2024-08-29,1204.0,1204.0,1162.0,1185.0,0.32 %,"2,413.00"
LLBS,2024-09-01,1208.6,1232.7,1142.0,1145.2,-3.36 %,"3,564.00"
LLBS,2024-09-02,1164.0,1198.9,1160.0,1193.9,4.25 %,"21,861.00"
LLBS,2024-09-03,1217.7,1217.7,1171.0,1171.0,-1.92 %,933.00
LLBS,2024-09-04,1150.0,1200.0,1138.0,1165.0,-0.51 %,"3,922.00"
LLBS,2024-09-05,1178.0,1189.0,1143.7,1170.0,0.43 %,"5,890.00"
LLBS,2024-09-08,1175.0,1235.0,1150.1,1188.0,1.54 %,"5,896.00"
LLBS,2024-09-09,1190.0,1190.0,1143.0,1173.5,-1.22 %,"3,847.00"
LLBS,2024-09-10,1150.1,1220.8,1145.0,1149.3,-2.06 %,"3,389.00"
LLBS,2024-09-11,1160.0,1170.0,1136.8,1147.9,-0.12 %,"1,601.00"
LLBS,2024-09-12,1169.0,1169.9,1140.0,1140.0,-0.69 %,"3,972.00"
LLBS,2024-09-15,1162.0,1185.0,1107.5,1107.5,-2.85 %,"2,375.00"
LLBS,2024-09-16,1087.0,1121.0,1026.2,1080.0,-2.48 %,"3,299.00"
LLBS,2024-09-18,1101.6,1101.6,1040.0,1070.0,-0.93 %,"1,828.00"
LLBS,2024-09-22,1091.4,1091.4,1050.0,1070.0,0.00 %,733.00
LLBS,2024-09-23,1052.0,1070.0,1040.0,1040.0,-2.80 %,"1,314.00"
LLBS,2024-09-24,1040.0,1050.2,1020.0,1025.0,-1.44 %,"4,481.00"
LLBS,2024-09-25,1010.1,1043.0,1000.0,1043.0,1.76 %,"1,996.00"
LLBS,2024-09-26,1022.2,1042.0,1002.0,1019.0,-2.30 %,164.00
LLBS,2024-09-29,1022.0,1038.0,1000.0,1019.0,0.00 %,440.00
LLBS,2024-09-30,1019.0,1050.6,1011.0,1050.6,3.10 %,"1,178.00"
LLBS,2024-10-01,1065.8,1114.2,1040.0,1098.5,4.56 %,"2,355.00"
LLBS,2024-10-02,1076.6,1095.0,1040.2,1090.0,-0.77 %,"1,103.00"
LLBS,2024-10-06,1080.0,1126.0,1056.0,1126.0,3.30 %,"1,082.00"
LLBS,2024-10-07,1135.0,1135.0,1072.0,1120.0,-0.53 %,"1,027.00"
LLBS,2024-10-08,1128.0,1128.0,1072.0,1072.1,-4.28 %,271.00
LLBS,2024-10-09,1053.0,1072.0,1052.0,1061.3,-1.01 %,"1,150.00"
LLBS,2024-10-15,1082.5,1107.0,1060.0,1099.0,3.55 %,282.00
LLBS,2024-10-16,1078.0,1100.0,1078.0,1090.0,-0.82 %,618.00
LLBS,2024-10-17,1105.0,1111.0,1078.0,1089.0,-0.09 %,"2,039.00"
LLBS,2024-10-20,1067.3,1080.0,1061.0,1080.0,-0.83 %,676.00
LLBS,2024-10-21,1080.0,1080.0,1019.1,1032.0,-4.44 %,"2,099.00"
LLBS,2024-10-22,1032.0,1052.6,1032.0,1045.0,1.26 %,324.00
LLBS,2024-10-23,1025.1,1050.0,1005.2,1050.0,0.48 %,"1,462.00"
LLBS,2024-10-24,1071.0,1071.0,1035.0,1038.2,-1.12 %,165.00
LLBS,2024-10-27,1030.0,1030.0,1018.0,1025.0,-1.27 %,366.00
LLBS,2024-10-28,1015.0,1042.0,1004.6,1010.5,-1.41 %,"1,526.00"
LLBS,2024-10-29,1030.0,1088.3,1030.0,1069.0,5.79 %,"1,406.00"
LLBS,2024-10-30,1051.0,1070.0,1030.0,1070.0,0.09 %,"2,087.00"
LLBS,2024-11-05,1085.0,1085.0,1049.0,1068.0,-0.19 %,500.00
LLBS,2024-11-06,1050.1,1084.8,1050.0,1084.8,1.57 %,450.00
LLBS,2024-11-10,1095.0,1108.0,1070.0,1104.0,1.77 %,"1,897.00"
LLBS,2024-11-11,1126.0,1160.0,1090.0,1150.0,4.17 %,"8,050.00"
LLBS,2024-11-12,1131.5,1137.0,1112.0,1134.0,-1.39 %,"1,391.00"
LLBS,2024-11-13,1155.5,1155.5,1100.0,1133.5,-0.04 %,"1,255.00"
LLBS,2024-11-14,1140.0,1200.0,1105.0,1142.1,0.76 %,"2,421.00"
LLBS,2024-11-17,1163.0,1200.0,1162.0,1180.3,3.34 %,"7,865.00"
LLBS,2024-11-19,1160.0,1194.3,1090.0,1135.0,-3.84 %,"12,675.00"
LLBS,2024-11-20,1113.0,1155.0,1111.1,1149.9,1.31 %,"2,625.00"
LLBS,2024-11-21,1170.0,1170.0,1132.0,1156.0,0.53 %,"4,595.00"
LLBS,2024-11-24,1136.1,1158.9,1136.1,1153.0,-0.26 %,"1,736.00"
LLBS,2024-11-25,1135.0,1155.0,1130.0,1150.0,-0.26 %,"1,028.00"
LLBS,2024-11-26,1137.0,1170.0,1136.0,1155.0,0.43 %,"3,108.00"
LLBS,2024-11-27,1168.9,1168.9,1151.1,1155.0,0.00 %,"3,224.00"
LLBS,2024-11-28,1131.9,1193.9,1131.9,1170.0,1.30 %,"3,049.00"
LLBS,2024-12-01,1146.6,1156.0,1135.0,1156.0,-1.20 %,"1,397.00"
LLBS,2024-12-02,1142.0,1165.0,1142.0,1162.9,0.60 %,"12,727.00"
LLBS,2024-12-03,1175.0,1198.0,1151.5,1176.0,1.13 %,"8,478.00"
LLBS,2024-12-04,1170.0,1223.9,1170.0,1192.0,1.36 %,"16,386.00"
LLBS,2024-12-05,1210.0,1239.3,1205.2,1206.0,1.17 %,"10,038.00"
LLBS,2024-12-08,1181.9,1181.9,1138.0,1151.0,-4.56 %,"9,885.00"
LLBS,2024-12-09,1150.0,1150.0,1122.0,1140.0,-0.96 %,"1,765.00"
LLBS,2024-12-10,1151.0,1172.9,1150.0,1170.0,2.63 %,"10,673.00"
LLBS,2024-12-11,1174.0,1189.9,1151.1,1183.0,1.11 %,"3,691.00"
LLBS,2024-12-12,1183.0,1184.2,1161.0,1162.0,-1.78 %,"9,967.00"
LLBS,2024-12-16,1141.0,1141.0,1120.0,1139.0,-1.98 %,"5,074.00"
LLBS,2024-12-17,1146.0,1184.8,1146.0,1150.0,0.97 %,"2,997.00"
LLBS,2024-12-18,1150.0,1160.0,1136.1,1136.2,-1.20 %,"3,806.00"
LLBS,2024-12-19,1158.0,1190.0,1106.0,1144.0,0.69 %,"7,461.00"
LLBS,2024-12-22,1126.0,1130.0,1124.0,1124.0,-1.75 %,299.00
LLBS,2024-12-23,1101.9,1130.0,1101.6,1123.0,-0.09 %,548.00
LLBS,2024-12-24,1122.0,1125.0,1107.4,1108.0,-1.34 %,"1,928.00"
LLBS,2024-12-26,1108.0,1115.0,1086.2,1106.0,-0.18 %,748.00
LLBS,2024-12-29,1090.1,1171.0,1090.0,1124.0,1.63 %,"1,785.00"
LLBS,2024-12-31,1145.8,1145.8,1075.0,1096.0,-2.49 %,"1,260.00"
LLBS,2025-01-01,1076.0,1186.8,1075.0,1116.9,1.91 %,504.00
LLBS,2025-01-02,1095.1,1105.0,1081.0,1105.0,-1.07 %,235.00
LLBS,2025-01-05,1099.0,1110.0,1086.0,1100.1,-0.44 %,238.00
LLBS,2025-01-06,1090.0,1122.0,1090.0,1122.0,1.99 %,"3,152.00"
LLBS,2025-01-07,1100.4,1135.9,1100.4,1102.0,-1.78 %,"2,551.00"
LLBS,2025-01-08,1124.0,1146.4,1102.0,1140.0,3.45 %,"1,290.00"
LLBS,2025-01-09,1117.2,1122.0,1051.7,1122.0,-1.58 %,"1,065.00"
LLBS,2025-01-12,1101.0,1105.0,1079.0,1100.0,-1.96 %,311.00
LLBS,2025-01-13,1120.0,1190.0,1078.0,1159.9,5.45 %,"3,560.00"
LLBS,2025-01-15,1158.0,1158.0,1089.1,1100.0,-5.16 %,"2,344.00"
LLBS,2025-01-16,1078.0,1151.0,1078.0,1106.0,0.55 %,624.00
LLBS,2025-01-19,1084.2,1127.0,1084.2,1106.0,0.00 %,916.00
LLBS,2025-01-20,1085.2,1127.0,1085.2,1098.0,-0.72 %,200.00
LLBS,2025-01-21,1119.9,1119.9,1078.0,1119.9,1.99 %,"1,443.00"
LLBS,2025-01-22,1097.6,1142.0,1075.7,1137.8,1.60 %,"1,147.00"
LLBS,2025-01-23,1116.0,1160.5,1074.0,1130.0,-0.69 %,839.00
LLBS,2025-01-26,1130.0,1139.0,1106.1,1135.0,0.44 %,"2,106.00"
LLBS,2025-01-27,1117.2,1129.0,1102.1,1102.1,-2.90 %,"1,947.00"
LLBS,2025-01-28,1115.0,1168.0,1086.0,1120.0,1.62 %,"4,558.00"
LLBS,2025-02-02,1097.6,1200.0,1097.6,1198.0,6.96 %,"9,704.00"
LLBS,2025-02-03,1210.0,1215.0,1160.0,1200.0,0.17 %,"14,308.00"
LLBS,2025-02-04,1220.0,1220.0,1170.0,1175.1,-2.08 %,714.00
